flight_id,scenario_id,policy_id,booked,showed_up,bumped,cost
S000_F000,0,2,267,243,0,0
S000_F001,0,2,198,177,0,0
S000_F002,0,2,148,130,0,0
S000_F003,0,2,289,262,0,0
S000_F004,0,2,223,202,0,0
S000_F005,0,2,220,203,0,0
S000_F006,0,2,184,168,3,1200
S000_F007,0,2,318,283,0,0
S000_F008,0,2,177,162,7,2000
S000_F009,0,2,143,130,0,0
S000_F010,0,2,102,88,0,0
S000_F011,0,2,152,137,0,0
S000_F012,0,2,298,277,13,4000
S000_F013,0,2,157,139,0,0
S000_F014,0,2,268,233,0,0
S000_F015,0,2,227,208,0,0
S000_F016,0,2,208,183,0,0
S000_F017,0,2,226,204,7,2500
S000_F018,0,2,130,119,0,0
S000_F019,0,2,210,187,0,0
S001_F000,1,2,126,116,5,2100
S001_F001,1,2,224,201,0,0
S001_F002,1,2,145,134,0,0
S001_F003,1,2,235,208,0,0
S001_F004,1,2,108,95,0,0
S001_F005,1,2,336,302,5,2100
S001_F006,1,2,187,170,3,600
S001_F007,1,2,301,272,0,0
S001_F008,1,2,192,178,0,0
S001_F009,1,2,219,198,0,0
S001_F010,1,2,210,187,0,0
S001_F011,1,2,174,162,0,0
S001_F012,1,2,205,184,0,0
S001_F013,1,2,310,280,2,700
S001_F014,1,2,183,162,0,0
S001_F015,1,2,296,275,14,4200
S001_F016,1,2,175,161,0,0
S001_F017,1,2,298,263,0,0
S001_F018,1,2,281,250,0,0
S001_F019,1,2,197,179,0,0
S002_F000,2,2,190,166,0,0
S002_F001,2,2,240,216,0,0
S002_F002,2,2,269,245,0,0
S002_F003,2,2,257,229,0,0
S002_F004,2,2,200,189,0,0
S002_F005,2,2,299,271,0,0
S002_F006,2,2,258,233,0,0
S002_F007,2,2,107,91,0,0
S002_F008,2,2,268,240,0,0
S002_F009,2,2,109,101,0,0
S002_F010,2,2,254,220,0,0
S002_F011,2,2,317,279,0,0
S002_F012,2,2,164,149,0,0
S002_F013,2,2,150,131,0,0
S002_F014,2,2,159,143,0,0
S002_F015,2,2,131,115,0,0
S002_F016,2,2,287,254,0,0
S002_F017,2,2,165,149,0,0
S002_F018,2,2,316,289,0,0
S002_F019,2,2,181,165,0,0
S003_F000,3,2,220,193,0,0
S003_F001,3,2,119,107,0,0
S003_F002,3,2,280,254,0,0
S003_F003,3,2,171,148,0,0
S003_F004,3,2,119,109,0,0
S003_F005,3,2,114,102,0,0
S003_F006,3,2,119,108,0,0
S003_F007,3,2,246,217,0,0
S003_F008,3,2,185,162,0,0
S003_F009,3,2,266,234,0,0
S003_F010,3,2,188,164,0,0
S003_F011,3,2,316,280,0,0
S003_F012,3,2,243,215,0,0
S003_F013,3,2,237,213,1,200
S003_F014,3,2,249,218,0,0
S003_F015,3,2,212,184,0,0
S003_F016,3,2,124,110,0,0
S003_F017,3,2,244,214,0,0
S003_F018,3,2,255,229,0,0
S003_F019,3,2,227,199,0,0
S004_F000,4,2,308,289,16,5900
S004_F001,4,2,156,135,0,0
S004_F002,4,2,203,184,0,0
S004_F003,4,2,272,242,0,0
S004_F004,4,2,266,236,0,0
S004_F005,4,2,146,129,1,500
S004_F006,4,2,297,274,8,2200
S004_F007,4,2,209,186,0,0
S004_F008,4,2,269,246,0,0
S004_F009,4,2,197,179,6,1800
S004_F010,4,2,217,196,0,0
S004_F011,4,2,105,98,0,0
S004_F012,4,2,212,186,0,0
S004_F013,4,2,314,264,0,0
S004_F014,4,2,158,141,0,0
S004_F015,4,2,295,266,0,0
S004_F016,4,2,172,155,4,1100
S004_F017,4,2,190,171,0,0
S004_F018,4,2,187,168,4,1900
S004_F019,4,2,118,106,0,0
S005_F000,5,2,136,123,0,0
S005_F001,5,2,237,212,0,0
S005_F002,5,2,206,185,0,0
S005_F003,5,2,182,164,0,0
S005_F004,5,2,310,286,12,3300
S005_F005,5,2,211,194,0,0
S005_F006,5,2,223,195,0,0
S005_F007,5,2,229,213,10,2600
S005_F008,5,2,245,230,3,900
S005_F009,5,2,247,227,7,2200
S005_F010,5,2,211,189,0,0
S005_F011,5,2,305,281,0,0
S005_F012,5,2,125,113,0,0
S005_F013,5,2,282,254,0,0
S005_F014,5,2,121,112,2,400
S005_F015,5,2,126,111,0,0
S005_F016,5,2,250,217,0,0
S005_F017,5,2,128,111,0,0
S005_F018,5,2,144,131,3,1200
S005_F019,5,2,214,189,0,0
S006_F000,6,2,119,110,0,0
S006_F001,6,2,241,216,0,0
S006_F002,6,2,189,172,0,0
S006_F003,6,2,106,103,2,400
S006_F004,6,2,163,149,0,0
S006_F005,6,2,184,164,0,0
S006_F006,6,2,126,116,0,0
S006_F007,6,2,263,241,2,400
S006_F008,6,2,316,283,0,0
S006_F009,6,2,133,116,0,0
S006_F010,6,2,226,207,0,0
S006_F011,6,2,315,288,0,0
S006_F012,6,2,192,178,0,0
S006_F013,6,2,107,90,0,0
S006_F014,6,2,209,196,13,3800
S006_F015,6,2,270,242,0,0
S006_F016,6,2,247,222,0,0
S006_F017,6,2,188,170,0,0
S006_F018,6,2,140,125,0,0
S006_F019,6,2,316,283,0,0
S007_F000,7,2,302,278,7,2000
S007_F001,7,2,115,101,0,0
S007_F002,7,2,201,182,2,1200
S007_F003,7,2,201,182,2,1000
S007_F004,7,2,111,98,0,0
S007_F005,7,2,277,247,0,0
S007_F006,7,2,132,110,0,0
S007_F007,7,2,214,189,0,0
S007_F008,7,2,184,172,0,0
S007_F009,7,2,125,111,0,0
S007_F010,7,2,306,282,13,4900
S007_F011,7,2,137,120,0,0
S007_F012,7,2,245,219,0,0
S007_F013,7,2,192,161,0,0
S007_F014,7,2,249,229,3,600
S007_F015,7,2,126,115,0,0
S007_F016,7,2,138,122,0,0
S007_F017,7,2,287,259,0,0
S007_F018,7,2,160,143,0,0
S007_F019,7,2,110,101,0,0
S008_F000,8,2,189,171,0,0
S008_F001,8,2,207,187,0,0
S008_F002,8,2,290,251,0,0
S008_F003,8,2,300,269,0,0
S008_F004,8,2,303,272,0,0
S008_F005,8,2,115,108,2,400
S008_F006,8,2,180,165,4,1100
S008_F007,8,2,102,86,0,0
S008_F008,8,2,286,264,0,0
S008_F009,8,2,187,170,0,0
S008_F010,8,2,120,108,3,1200
S008_F011,8,2,197,171,0,0
S008_F012,8,2,284,257,0,0
S008_F013,8,2,188,174,0,0
S008_F014,8,2,291,260,0,0
S008_F015,8,2,158,145,0,0
S008_F016,8,2,151,141,0,0
S008_F017,8,2,255,219,0,0
S008_F018,8,2,116,103,0,0
S008_F019,8,2,271,243,0,0
S009_F000,9,2,282,262,11,4700
S009_F001,9,2,271,246,0,0
S009_F002,9,2,218,197,0,0
S009_F003,9,2,155,141,0,0
S009_F004,9,2,311,285,0,0
S009_F005,9,2,201,180,0,0
S009_F006,9,2,290,257,0,0
S009_F007,9,2,256,226,0,0
S009_F008,9,2,228,201,0,0
S009_F009,9,2,221,199,0,0
S009_F010,9,2,179,165,0,0
S009_F011,9,2,122,111,4,1600
S009_F012,9,2,299,268,0,0
S009_F013,9,2,227,205,1,200
S009_F014,9,2,254,220,0,0
S009_F015,9,2,315,286,0,0
S009_F016,9,2,218,192,0,0
S009_F017,9,2,115,105,0,0
S009_F018,9,2,136,112,0,0
S009_F019,9,2,290,256,0,0
S010_F000,10,2,190,158,0,0
S010_F001,10,2,282,240,0,0
S010_F002,10,2,230,206,0,0
S010_F003,10,2,104,92,0,0
S010_F004,10,2,173,150,0,0
S010_F005,10,2,139,127,0,0
S010_F006,10,2,228,206,0,0
S010_F007,10,2,263,235,0,0
S010_F008,10,2,117,113,7,2500
S010_F009,10,2,241,218,7,3000
S010_F010,10,2,115,98,0,0
S010_F011,10,2,241,217,0,0
S010_F012,10,2,258,241,10,4000
S010_F013,10,2,137,128,0,0
S010_F014,10,2,327,288,0,0
S010_F015,10,2,165,156,10,3700
S010_F016,10,2,322,297,15,7400
S010_F017,10,2,216,195,2,1200
S010_F018,10,2,142,124,0,0
S010_F019,10,2,304,269,3,600
S011_F000,11,2,154,136,0,0
S011_F001,11,2,206,189,0,0
S011_F002,11,2,169,152,3,900
S011_F003,11,2,110,102,0,0
S011_F004,11,2,121,116,0,0
S011_F005,11,2,288,254,0,0
S011_F006,11,2,218,195,0,0
S011_F007,11,2,216,194,5,1000
S011_F008,11,2,161,150,0,0
S011_F009,11,2,223,203,0,0
S011_F010,11,2,237,214,0,0
S011_F011,11,2,259,235,4,1900
S011_F012,11,2,142,129,0,0
S011_F013,11,2,249,219,0,0
S011_F014,11,2,225,203,0,0
S011_F015,11,2,195,179,2,700
S011_F016,11,2,208,188,0,0
S011_F017,11,2,187,165,0,0
S011_F018,11,2,306,276,0,0
S011_F019,11,2,279,252,0,0
S012_F000,12,2,106,95,0,0
S012_F001,12,2,234,211,0,0
S012_F002,12,2,220,188,0,0
S012_F003,12,2,167,154,5,3700
S012_F004,12,2,143,126,0,0
S012_F005,12,2,185,171,0,0
S012_F006,12,2,168,150,0,0
S012_F007,12,2,165,151,0,0
S012_F008,12,2,281,254,0,0
S012_F009,12,2,200,182,0,0
S012_F010,12,2,283,257,0,0
S012_F011,12,2,242,221,4,1900
S012_F012,12,2,227,202,0,0
S012_F013,12,2,167,150,0,0
S012_F014,12,2,294,260,0,0
S012_F015,12,2,149,141,5,2200
S012_F016,12,2,114,100,0,0
S012_F017,12,2,287,260,0,0
S012_F018,12,2,202,183,0,0
S012_F019,12,2,280,242,0,0
S013_F000,13,2,267,237,0,0
S013_F001,13,2,181,171,0,0
S013_F002,13,2,121,107,0,0
S013_F003,13,2,327,290,0,0
S013_F004,13,2,223,200,0,0
S013_F005,13,2,212,187,0,0
S013_F006,13,2,147,127,0,0
S013_F007,13,2,291,271,0,0
S013_F008,13,2,290,262,4,1900
S013_F009,13,2,108,98,0,0
S013_F010,13,2,282,253,1,200
S013_F011,13,2,196,182,0,0
S013_F012,13,2,135,129,4,1100
S013_F013,13,2,182,162,0,0
S013_F014,13,2,234,211,0,0
S013_F015,13,2,291,267,0,0
S013_F016,13,2,225,204,6,2000
S013_F017,13,2,254,234,8,3300
S013_F018,13,2,155,137,0,0
S013_F019,13,2,319,290,4,800
S014_F000,14,2,203,183,0,0
S014_F001,14,2,214,195,0,0
S014_F002,14,2,250,218,0,0
S014_F003,14,2,254,230,0,0
S014_F004,14,2,155,146,0,0
S014_F005,14,2,229,199,0,0
S014_F006,14,2,177,155,0,0
S014_F007,14,2,284,259,0,0
S014_F008,14,2,343,307,7,2000
S014_F009,14,2,231,198,0,0
S014_F010,14,2,119,103,0,0
S014_F011,14,2,267,240,0,0
S014_F012,14,2,266,245,0,0
S014_F013,14,2,173,152,0,0
S014_F014,14,2,143,130,0,0
S014_F015,14,2,293,257,0,0
S014_F016,14,2,103,96,0,0
S014_F017,14,2,270,244,0,0
S014_F018,14,2,183,170,0,0
S014_F019,14,2,159,150,9,2100
S015_F000,15,2,219,188,0,0
S015_F001,15,2,206,188,0,0
S015_F002,15,2,267,239,0,0
S015_F003,15,2,118,105,0,0
S015_F004,15,2,286,255,1,500
S015_F005,15,2,262,231,0,0
S015_F006,15,2,130,119,0,0
S015_F007,15,2,270,238,0,0
S015_F008,15,2,318,284,0,0
S015_F009,15,2,160,142,0,0
S015_F010,15,2,287,266,0,0
S015_F011,15,2,109,98,0,0
S015_F012,15,2,172,149,0,0
S015_F013,15,2,216,195,0,0
S015_F014,15,2,196,177,0,0
S015_F015,15,2,123,113,0,0
S015_F016,15,2,251,223,0,0
S015_F017,15,2,198,185,4,1600
S015_F018,15,2,262,234,0,0
S015_F019,15,2,287,258,5,2200
S016_F000,16,2,138,124,0,0
S016_F001,16,2,302,272,0,0
S016_F002,16,2,317,289,5,1000
S016_F003,16,2,130,115,0,0
S016_F004,16,2,203,177,0,0
S016_F005,16,2,154,136,0,0
S016_F006,16,2,238,217,0,0
S016_F007,16,2,168,147,0,0
S016_F008,16,2,249,223,0,0
S016_F009,16,2,271,244,0,0
S016_F010,16,2,248,229,0,0
S016_F011,16,2,316,285,0,0
S016_F012,16,2,263,237,0,0
S016_F013,16,2,289,267,0,0
S016_F014,16,2,254,233,0,0
S016_F015,16,2,282,254,6,4200
S016_F016,16,2,161,144,0,0
S016_F017,16,2,322,291,6,1500
S016_F018,16,2,244,222,7,2200
S016_F019,16,2,338,308,8,2400
S017_F000,17,2,272,240,0,0
S017_F001,17,2,154,139,0,0
S017_F002,17,2,198,169,0,0
S017_F003,17,2,223,206,9,4000
S017_F004,17,2,209,195,12,4100
S017_F005,17,2,125,111,0,0
S017_F006,17,2,254,234,8,2200
S017_F007,17,2,103,90,0,0
S017_F008,17,2,313,274,0,0
S017_F009,17,2,121,107,0,0
S017_F010,17,2,216,197,7,2500
S017_F011,17,2,223,201,0,0
S017_F012,17,2,209,187,0,0
S017_F013,17,2,161,139,0,0
S017_F014,17,2,247,219,0,0
S017_F015,17,2,195,173,0,0
S017_F016,17,2,126,110,0,0
S017_F017,17,2,114,99,0,0
S017_F018,17,2,197,181,2,400
S017_F019,17,2,308,278,0,0
S018_F000,18,2,190,169,1,1000
S018_F001,18,2,217,196,0,0
S018_F002,18,2,123,112,0,0
S018_F003,18,2,263,237,0,0
S018_F004,18,2,317,289,0,0
S018_F005,18,2,289,267,0,0
S018_F006,18,2,322,294,9,2900
S018_F007,18,2,179,167,0,0
S018_F008,18,2,193,178,0,0
S018_F009,18,2,292,267,0,0
S018_F010,18,2,234,207,0,0
S018_F011,18,2,266,242,0,0
S018_F012,18,2,260,233,1,500
S018_F013,18,2,199,177,0,0
S018_F014,18,2,131,116,0,0
S018_F015,18,2,298,269,0,0
S018_F016,18,2,158,143,0,0
S018_F017,18,2,217,194,0,0
S018_F018,18,2,290,265,0,0
S018_F019,18,2,159,141,0,0
S019_F000,19,2,130,118,2,700
S019_F001,19,2,233,207,0,0
S019_F002,19,2,335,301,4,1100
S019_F003,19,2,261,231,0,0
S019_F004,19,2,308,276,0,0
S019_F005,19,2,312,285,0,0
S019_F006,19,2,230,202,0,0
S019_F007,19,2,132,125,2,700
S019_F008,19,2,244,219,0,0
S019_F009,19,2,241,218,2,400
S019_F010,19,2,288,259,0,0
S019_F011,19,2,309,270,0,0
S019_F012,19,2,238,222,0,0
S019_F013,19,2,282,248,0,0
S019_F014,19,2,172,157,0,0
S019_F015,19,2,303,274,0,0
S019_F016,19,2,172,152,0,0
S019_F017,19,2,285,264,7,2500
S019_F018,19,2,216,189,0,0
S019_F019,19,2,243,218,3,600
S020_F000,20,2,156,132,0,0
S020_F001,20,2,203,187,0,0
S020_F002,20,2,289,250,0,0
S020_F003,20,2,194,181,0,0
S020_F004,20,2,158,138,0,0
S020_F005,20,2,142,123,0,0
S020_F006,20,2,211,193,0,0
S020_F007,20,2,328,286,0,0
S020_F008,20,2,125,114,0,0
S020_F009,20,2,267,233,0,0
S020_F010,20,2,281,259,0,0
S020_F011,20,2,300,267,0,0
S020_F012,20,2,174,157,0,0
S020_F013,20,2,246,223,0,0
S020_F014,20,2,139,127,0,0
S020_F015,20,2,133,119,0,0
S020_F016,20,2,288,256,0,0
S020_F017,20,2,151,139,0,0
S020_F018,20,2,255,231,0,0
S020_F019,20,2,228,207,0,0
S021_F000,21,2,181,166,0,0
S021_F001,21,2,249,219,0,0
S021_F002,21,2,133,124,3,900
S021_F003,21,2,157,139,0,0
S021_F004,21,2,298,264,0,0
S021_F005,21,2,295,259,0,0
S021_F006,21,2,309,280,0,0
S021_F007,21,2,108,103,0,0
S021_F008,21,2,147,131,2,1200
S021_F009,21,2,230,211,0,0
S021_F010,21,2,140,128,0,0
S021_F011,21,2,278,252,0,0
S021_F012,21,2,283,262,1,200
S021_F013,21,2,149,136,4,2700
S021_F014,21,2,249,228,0,0
S021_F015,21,2,134,121,0,0
S021_F016,21,2,159,142,1,200
S021_F017,21,2,228,207,7,3100
S021_F018,21,2,208,190,5,1300
S021_F019,21,2,217,197,7,2500
S022_F000,22,2,296,268,1,200
S022_F001,22,2,300,273,0,0
S022_F002,22,2,286,260,0,0
S022_F003,22,2,145,135,0,0
S022_F004,22,2,140,127,0,0
S022_F005,22,2,143,122,0,0
S022_F006,22,2,228,195,0,0
S022_F007,22,2,266,241,0,0
S022_F008,22,2,249,226,0,0
S022_F009,22,2,205,188,0,0
S022_F010,22,2,311,288,1,200
S022_F011,22,2,328,296,9,4000
S022_F012,22,2,141,130,2,1000
S022_F013,22,2,181,170,0,0
S022_F014,22,2,272,246,0,0
S022_F015,22,2,205,176,0,0
S022_F016,22,2,114,104,0,0
S022_F017,22,2,225,202,0,0
S022_F018,22,2,156,142,0,0
S022_F019,22,2,235,211,0,0
S023_F000,23,2,139,129,0,0
S023_F001,23,2,231,208,0,0
S023_F002,23,2,205,183,0,0
S023_F003,23,2,255,229,0,0
S023_F004,23,2,170,149,0,0
S023_F005,23,2,309,277,0,0
S023_F006,23,2,148,136,0,0
S023_F007,23,2,224,203,1,200
S023_F008,23,2,218,195,3,900
S023_F009,23,2,265,236,0,0
S023_F010,23,2,184,169,0,0
S023_F011,23,2,128,113,0,0
S023_F012,23,2,151,136,0,0
S023_F013,23,2,230,217,0,0
S023_F014,23,2,243,227,0,0
S023_F015,23,2,279,260,2,400
S023_F016,23,2,221,202,0,0
S023_F017,23,2,134,123,0,0
S023_F018,23,2,136,124,0,0
S023_F019,23,2,269,245,7,2800
S024_F000,24,2,322,293,0,0
S024_F001,24,2,189,173,0,0
S024_F002,24,2,184,165,0,0
S024_F003,24,2,256,232,0,0
S024_F004,24,2,236,213,0,0
S024_F005,24,2,153,134,0,0
S024_F006,24,2,204,180,0,0
S024_F007,24,2,264,238,0,0
S024_F008,24,2,157,139,1,200
S024_F009,24,2,294,258,0,0
S024_F010,24,2,161,143,0,0
S024_F011,24,2,258,234,0,0
S024_F012,24,2,266,235,0,0
S024_F013,24,2,265,237,0,0
S024_F014,24,2,150,136,2,1200
S024_F015,24,2,114,96,0,0
S024_F016,24,2,196,174,0,0
S024_F017,24,2,239,210,0,0
S024_F018,24,2,222,203,0,0
S024_F019,24,2,288,259,0,0
S025_F000,25,2,265,243,12,3800
S025_F001,25,2,290,260,0,0
S025_F002,25,2,235,205,0,0
S025_F003,25,2,208,180,0,0
S025_F004,25,2,309,277,0,0
S025_F005,25,2,205,189,1,1000
S025_F006,25,2,297,270,0,0
S025_F007,25,2,112,101,1,200
S025_F008,25,2,139,122,0,0
S025_F009,25,2,126,112,0,0
S025_F010,25,2,114,104,0,0
S025_F011,25,2,263,239,1,200
S025_F012,25,2,216,192,3,900
S025_F013,25,2,251,234,10,4000
S025_F014,25,2,210,191,2,1200
S025_F015,25,2,297,267,0,0
S025_F016,25,2,233,211,0,0
S025_F017,25,2,257,234,0,0
S025_F018,25,2,259,226,0,0
S025_F019,25,2,119,107,0,0
S026_F000,26,2,218,192,0,0
S026_F001,26,2,268,242,0,0
S026_F002,26,2,279,261,13,4400
S026_F003,26,2,136,125,1,200
S026_F004,26,2,196,177,0,0
S026_F005,26,2,246,224,0,0
S026_F006,26,2,205,175,0,0
S026_F007,26,2,266,241,9,4000
S026_F008,26,2,200,181,0,0
S026_F009,26,2,226,200,0,0
S026_F010,26,2,153,138,0,0
S026_F011,26,2,229,211,2,700
S026_F012,26,2,252,228,7,2300
S026_F013,26,2,270,243,0,0
S026_F014,26,2,260,235,0,0
S026_F015,26,2,252,233,0,0
S026_F016,26,2,116,103,0,0
S026_F017,26,2,152,139,0,0
S026_F018,26,2,297,273,0,0
S026_F019,26,2,267,243,0,0
S027_F000,27,2,254,219,0,0
S027_F001,27,2,258,227,0,0
S027_F002,27,2,244,221,7,2200
S027_F003,27,2,187,173,0,0
S027_F004,27,2,180,164,0,0
S027_F005,27,2,229,201,0,0
S027_F006,27,2,316,282,0,0
S027_F007,27,2,235,202,0,0
S027_F008,27,2,169,149,0,0
S027_F009,27,2,236,211,0,0
S027_F010,27,2,196,173,0,0
S027_F011,27,2,163,146,0,0
S027_F012,27,2,141,129,4,1100
S027_F013,27,2,298,267,5,1000
S027_F014,27,2,179,157,0,0
S027_F015,27,2,225,206,0,0
S027_F016,27,2,282,248,0,0
S027_F017,27,2,133,119,0,0
S027_F018,27,2,113,99,0,0
S027_F019,27,2,129,118,0,0
S028_F000,28,2,186,169,0,0
S028_F001,28,2,274,257,2,700
S028_F002,28,2,117,102,0,0
S028_F003,28,2,165,149,0,0
S028_F004,28,2,186,170,3,900
S028_F005,28,2,130,113,0,0
S028_F006,28,2,182,163,0,0
S028_F007,28,2,283,252,0,0
S028_F008,28,2,160,145,1,500
S028_F009,28,2,309,287,5,1600
S028_F010,28,2,110,102,0,0
S028_F011,28,2,139,125,0,0
S028_F012,28,2,321,284,0,0
S028_F013,28,2,264,239,0,0
S028_F014,28,2,169,148,0,0
S028_F015,28,2,181,163,0,0
S028_F016,28,2,208,187,4,1100
S028_F017,28,2,302,272,0,0
S028_F018,28,2,175,149,0,0
S028_F019,28,2,255,225,0,0
S029_F000,29,2,130,112,0,0
S029_F001,29,2,164,145,0,0
S029_F002,29,2,195,168,0,0
S029_F003,29,2,122,112,0,0
S029_F004,29,2,154,135,0,0
S029_F005,29,2,129,117,0,0
S029_F006,29,2,289,258,0,0
S029_F007,29,2,273,248,2,1200
S029_F008,29,2,228,206,0,0
S029_F009,29,2,228,207,0,0
S029_F010,29,2,233,209,3,1400
S029_F011,29,2,162,145,0,0
S029_F012,29,2,163,151,0,0
S029_F013,29,2,114,97,0,0
S029_F014,29,2,217,197,8,3000
S029_F015,29,2,223,207,0,0
S029_F016,29,2,191,174,4,1400
S029_F017,29,2,184,161,0,0
S029_F018,29,2,126,111,1,200
S029_F019,29,2,107,93,0,0
S030_F000,30,2,259,229,0,0
S030_F001,30,2,136,123,3,1400
S030_F002,30,2,211,182,0,0
S030_F003,30,2,160,144,0,0
S030_F004,30,2,143,136,7,2000
S030_F005,30,2,306,267,0,0
S030_F006,30,2,314,289,0,0
S030_F007,30,2,322,285,0,0
S030_F008,30,2,211,181,0,0
S030_F009,30,2,147,133,1,200
S030_F010,30,2,301,273,0,0
S030_F011,30,2,120,107,0,0
S030_F012,30,2,168,154,0,0
S030_F013,30,2,162,147,0,0
S030_F014,30,2,262,227,0,0
S030_F015,30,2,158,143,0,0
S030_F016,30,2,279,249,0,0
S030_F017,30,2,170,156,2,1200
S030_F018,30,2,117,110,0,0
S030_F019,30,2,136,118,0,0
S031_F000,31,2,242,220,0,0
S031_F001,31,2,115,102,0,0
S031_F002,31,2,311,279,0,0
S031_F003,31,2,128,116,1,1000
S031_F004,31,2,241,215,2,1200
S031_F005,31,2,293,262,0,0
S031_F006,31,2,136,127,0,0
S031_F007,31,2,277,241,0,0
S031_F008,31,2,168,154,5,1000
S031_F009,31,2,214,189,0,0
S031_F010,31,2,294,263,4,1100
S031_F011,31,2,128,119,0,0
S031_F012,31,2,218,201,9,3700
S031_F013,31,2,314,291,5,1800
S031_F014,31,2,189,172,0,0
S031_F015,31,2,174,156,0,0
S031_F016,31,2,200,186,0,0
S031_F017,31,2,209,189,5,1300
S031_F018,31,2,300,273,0,0
S031_F019,31,2,246,228,0,0
S032_F000,32,2,149,136,5,2100
S032_F001,32,2,154,143,0,0
S032_F002,32,2,139,128,0,0
S032_F003,32,2,264,237,0,0
S032_F004,32,2,137,123,0,0
S032_F005,32,2,160,145,0,0
S032_F006,32,2,207,182,0,0
S032_F007,32,2,295,262,0,0
S032_F008,32,2,130,111,0,0
S032_F009,32,2,153,142,0,0
S032_F010,32,2,125,111,0,0
S032_F011,32,2,290,250,0,0
S032_F012,32,2,217,195,0,0
S032_F013,32,2,139,127,0,0
S032_F014,32,2,175,153,0,0
S032_F015,32,2,303,270,0,0
S032_F016,32,2,245,225,0,0
S032_F017,32,2,281,241,0,0
S032_F018,32,2,139,128,5,1300
S032_F019,32,2,163,139,0,0
S033_F000,33,2,307,279,0,0
S033_F001,33,2,233,217,2,1000
S033_F002,33,2,219,204,3,900
S033_F003,33,2,141,131,0,0
S033_F004,33,2,123,106,0,0
S033_F005,33,2,119,110,0,0
S033_F006,33,2,281,252,0,0
S033_F007,33,2,314,283,6,1200
S033_F008,33,2,256,234,0,0
S033_F009,33,2,235,217,5,2100
S033_F010,33,2,304,273,0,0
S033_F011,33,2,209,185,0,0
S033_F012,33,2,268,244,0,0
S033_F013,33,2,251,231,0,0
S033_F014,33,2,163,148,0,0
S033_F015,33,2,152,140,2,1200
S033_F016,33,2,207,185,1,500
S033_F017,33,2,279,253,2,400
S033_F018,33,2,285,260,0,0
S033_F019,33,2,156,140,0,0
S034_F000,34,2,306,273,0,0
S034_F001,34,2,192,173,0,0
S034_F002,34,2,255,234,0,0
S034_F003,34,2,252,219,0,0
S034_F004,34,2,140,126,2,700
S034_F005,34,2,167,152,0,0
S034_F006,34,2,196,184,0,0
S034_F007,34,2,163,146,0,0
S034_F008,34,2,275,246,2,400
S034_F009,34,2,312,279,0,0
S034_F010,34,2,220,201,0,0
S034_F011,34,2,156,148,4,1400
S034_F012,34,2,234,210,0,0
S034_F013,34,2,249,226,0,0
S034_F014,34,2,122,111,0,0
S034_F015,34,2,137,128,1,200
S034_F016,34,2,183,166,5,2100
S034_F017,34,2,118,107,0,0
S034_F018,34,2,123,113,0,0
S034_F019,34,2,248,218,0,0
S035_F000,35,2,241,209,0,0
S035_F001,35,2,146,124,0,0
S035_F002,35,2,169,150,0,0
S035_F003,35,2,321,290,0,0
S035_F004,35,2,246,221,1,200
S035_F005,35,2,138,122,0,0
S035_F006,35,2,253,214,0,0
S035_F007,35,2,220,199,4,800
S035_F008,35,2,206,193,0,0
S035_F009,35,2,138,119,0,0
S035_F010,35,2,155,139,0,0
S035_F011,35,2,131,120,0,0
S035_F012,35,2,205,180,0,0
S035_F013,35,2,266,243,2,400
S035_F014,35,2,229,201,1,200
S035_F015,35,2,222,206,0,0
S035_F016,35,2,143,119,0,0
S035_F017,35,2,162,149,7,2500
S035_F018,35,2,109,101,1,200
S035_F019,35,2,117,108,0,0
S036_F000,36,2,271,235,0,0
S036_F001,36,2,176,160,5,1000
S036_F002,36,2,151,143,0,0
S036_F003,36,2,258,227,0,0
S036_F004,36,2,214,189,0,0
S036_F005,36,2,313,280,0,0
S036_F006,36,2,275,243,0,0
S036_F007,36,2,204,184,5,1800
S036_F008,36,2,309,275,0,0
S036_F009,36,2,222,201,0,0
S036_F010,36,2,326,301,2,400
S036_F011,36,2,335,290,0,0
S036_F012,36,2,177,154,0,0
S036_F013,36,2,176,159,3,1200
S036_F014,36,2,255,231,0,0
S036_F015,36,2,134,124,7,2300
S036_F016,36,2,165,154,0,0
S036_F017,36,2,271,253,6,1800
S036_F018,36,2,259,238,5,1600
S036_F019,36,2,190,166,0,0
S037_F000,37,2,149,140,9,2700
S037_F001,37,2,233,208,0,0
S037_F002,37,2,248,231,4,800
S037_F003,37,2,198,176,0,0
S037_F004,37,2,281,246,0,0
S037_F005,37,2,335,299,0,0
S037_F006,37,2,228,207,0,0
S037_F007,37,2,169,153,0,0
S037_F008,37,2,154,139,0,0
S037_F009,37,2,125,112,0,0
S037_F010,37,2,289,263,0,0
S037_F011,37,2,193,172,0,0
S037_F012,37,2,175,159,0,0
S037_F013,37,2,113,102,0,0
S037_F014,37,2,256,233,0,0
S037_F015,37,2,135,124,0,0
S037_F016,37,2,226,203,3,900
S037_F017,37,2,309,272,0,0
S037_F018,37,2,267,248,0,0
S037_F019,37,2,256,235,8,3000
S038_F000,38,2,283,250,0,0
S038_F001,38,2,214,184,0,0
S038_F002,38,2,220,201,0,0
S038_F003,38,2,245,215,0,0
S038_F004,38,2,286,252,0,0
S038_F005,38,2,137,125,0,0
S038_F006,38,2,290,257,4,800
S038_F007,38,2,268,238,0,0
S038_F008,38,2,184,171,9,3200
S038_F009,38,2,249,225,0,0
S038_F010,38,2,219,196,0,0
S038_F011,38,2,308,268,0,0
S038_F012,38,2,251,229,0,0
S038_F013,38,2,242,221,0,0
S038_F014,38,2,173,157,0,0
S038_F015,38,2,125,108,0,0
S038_F016,38,2,198,176,0,0
S038_F017,38,2,223,199,0,0
S038_F018,38,2,162,146,0,0
S038_F019,38,2,142,120,0,0
S039_F000,39,2,180,159,0,0
S039_F001,39,2,266,245,11,5000
S039_F002,39,2,215,199,9,3700
S039_F003,39,2,161,140,0,0
S039_F004,39,2,170,150,0,0
S039_F005,39,2,167,149,0,0
S039_F006,39,2,145,129,0,0
S039_F007,39,2,271,232,0,0
S039_F008,39,2,254,226,0,0
S039_F009,39,2,174,154,0,0
S039_F010,39,2,201,175,0,0
S039_F011,39,2,252,222,0,0
S039_F012,39,2,300,262,0,0
S039_F013,39,2,316,285,0,0
S039_F014,39,2,276,253,0,0
S039_F015,39,2,283,254,0,0
S039_F016,39,2,191,170,0,0
S039_F017,39,2,167,149,0,0
S039_F018,39,2,204,174,0,0
S039_F019,39,2,105,100,0,0
S040_F000,40,2,124,116,0,0
S040_F001,40,2,165,150,0,0
S040_F002,40,2,261,232,0,0
S040_F003,40,2,124,114,0,0
S040_F004,40,2,302,276,7,2500
S040_F005,40,2,235,212,0,0
S040_F006,40,2,280,249,0,0
S040_F007,40,2,288,253,0,0
S040_F008,40,2,138,128,0,0
S040_F009,40,2,283,257,0,0
S040_F010,40,2,293,252,0,0
S040_F011,40,2,158,136,0,0
S040_F012,40,2,123,115,0,0
S040_F013,40,2,260,234,0,0
S040_F014,40,2,270,244,6,1200
S040_F015,40,2,207,188,0,0
S040_F016,40,2,324,300,3,900
S040_F017,40,2,238,219,0,0
S040_F018,40,2,134,122,2,400
S040_F019,40,2,166,147,0,0
S041_F000,41,2,180,160,1,1000
S041_F001,41,2,263,244,0,0
S041_F002,41,2,213,200,5,2100
S041_F003,41,2,293,263,0,0
S041_F004,41,2,308,275,0,0
S041_F005,41,2,193,178,8,3000
S041_F006,41,2,158,143,0,0
S041_F007,41,2,273,240,0,0
S041_F008,41,2,164,156,11,4700
S041_F009,41,2,195,173,0,0
S041_F010,41,2,298,270,0,0
S041_F011,41,2,227,201,2,400
S041_F012,41,2,306,276,0,0
S041_F013,41,2,256,237,11,4400
S041_F014,41,2,249,224,0,0
S041_F015,41,2,256,226,0,0
S041_F016,41,2,304,275,0,0
S041_F017,41,2,249,230,0,0
S041_F018,41,2,232,209,6,1800
S041_F019,41,2,224,199,3,600
S042_F000,42,2,252,223,3,900
S042_F001,42,2,199,177,0,0
S042_F002,42,2,190,167,0,0
S042_F003,42,2,206,182,0,0
S042_F004,42,2,294,262,0,0
S042_F005,42,2,175,165,0,0
S042_F006,42,2,188,171,0,0
S042_F007,42,2,240,213,0,0
S042_F008,42,2,308,273,0,0
S042_F009,42,2,225,207,0,0
S042_F010,42,2,239,223,9,3500
S042_F011,42,2,301,268,0,0
S042_F012,42,2,293,267,0,0
S042_F013,42,2,323,282,0,0
S042_F014,42,2,148,129,0,0
S042_F015,42,2,257,244,2,400
S042_F016,42,2,176,153,0,0
S042_F017,42,2,171,155,0,0
S042_F018,42,2,113,97,0,0
S042_F019,42,2,130,117,0,0
S043_F000,43,2,328,298,4,1100
S043_F001,43,2,279,245,0,0
S043_F002,43,2,241,220,0,0
S043_F003,43,2,193,170,0,0
S043_F004,43,2,276,250,0,0
S043_F005,43,2,174,160,0,0
S043_F006,43,2,315,282,0,0
S043_F007,43,2,228,211,5,1300
S043_F008,43,2,181,168,0,0
S043_F009,43,2,271,241,0,0
S043_F010,43,2,228,208,0,0
S043_F011,43,2,266,242,0,0
S043_F012,43,2,271,250,0,0
S043_F013,43,2,334,304,9,3500
S043_F014,43,2,286,261,8,3600
S043_F015,43,2,304,282,3,2000
S043_F016,43,2,246,220,0,0
S043_F017,43,2,143,132,4,800
S043_F018,43,2,126,121,3,600
S043_F019,43,2,103,90,0,0
S044_F000,44,2,305,270,0,0
S044_F001,44,2,313,287,11,3700
S044_F002,44,2,285,261,0,0
S044_F003,44,2,214,196,0,0
S044_F004,44,2,189,176,11,3300
S044_F005,44,2,112,101,0,0
S044_F006,44,2,224,197,0,0
S044_F007,44,2,248,219,0,0
S044_F008,44,2,181,167,0,0
S044_F009,44,2,162,151,7,1700
S044_F010,44,2,166,143,0,0
S044_F011,44,2,259,237,0,0
S044_F012,44,2,304,267,2,700
S044_F013,44,2,277,250,0,0
S044_F014,44,2,268,242,0,0
S044_F015,44,2,172,146,0,0
S044_F016,44,2,234,208,0,0
S044_F017,44,2,236,216,0,0
S044_F018,44,2,268,234,0,0
S044_F019,44,2,264,238,0,0
S045_F000,45,2,118,106,1,200
S045_F001,45,2,140,132,6,1800
S045_F002,45,2,174,158,1,200
S045_F003,45,2,126,113,0,0
S045_F004,45,2,302,277,0,0
S045_F005,45,2,211,194,0,0
S045_F006,45,2,118,101,0,0
S045_F007,45,2,161,147,0,0
S045_F008,45,2,136,119,0,0
S045_F009,45,2,196,179,2,400
S045_F010,45,2,233,218,4,800
S045_F011,45,2,184,160,0,0
S045_F012,45,2,266,238,0,0
S045_F013,45,2,130,119,0,0
S045_F014,45,2,125,115,5,1300
S045_F015,45,2,258,234,0,0
S045_F016,45,2,228,205,0,0
S045_F017,45,2,227,197,0,0
S045_F018,45,2,216,196,3,600
S045_F019,45,2,186,166,0,0
S046_F000,46,2,207,183,0,0
S046_F001,46,2,290,264,0,0
S046_F002,46,2,203,180,0,0
S046_F003,46,2,201,187,0,0
S046_F004,46,2,244,218,0,0
S046_F005,46,2,214,186,0,0
S046_F006,46,2,149,125,0,0
S046_F007,46,2,125,109,0,0
S046_F008,46,2,144,131,0,0
S046_F009,46,2,274,246,0,0
S046_F010,46,2,206,186,0,0
S046_F011,46,2,140,129,0,0
S046_F012,46,2,142,128,0,0
S046_F013,46,2,126,117,0,0
S046_F014,46,2,127,106,0,0
S046_F015,46,2,136,120,0,0
S046_F016,46,2,221,199,0,0
S046_F017,46,2,207,188,0,0
S046_F018,46,2,324,299,8,4300
S046_F019,46,2,245,224,0,0
S047_F000,47,2,259,229,0,0
S047_F001,47,2,134,122,0,0
S047_F002,47,2,138,126,0,0
S047_F003,47,2,178,155,0,0
S047_F004,47,2,274,245,0,0
S047_F005,47,2,138,124,0,0
S047_F006,47,2,194,178,0,0
S047_F007,47,2,218,196,0,0
S047_F008,47,2,271,241,0,0
S047_F009,47,2,272,248,4,2400
S047_F010,47,2,131,115,0,0
S047_F011,47,2,197,177,2,700
S047_F012,47,2,133,121,1,200
S047_F013,47,2,325,287,0,0
S047_F014,47,2,149,139,0,0
S047_F015,47,2,224,205,3,900
S047_F016,47,2,179,162,0,0
S047_F017,47,2,124,111,0,0
S047_F018,47,2,290,265,0,0
S047_F019,47,2,264,240,0,0
S048_F000,48,2,262,237,0,0
S048_F001,48,2,274,243,0,0
S048_F002,48,2,132,114,0,0
S048_F003,48,2,321,290,10,4300
S048_F004,48,2,303,262,0,0
S048_F005,48,2,209,185,0,0
S048_F006,48,2,121,106,0,0
S048_F007,48,2,234,205,0,0
S048_F008,48,2,195,181,0,0
S048_F009,48,2,231,211,0,0
S048_F010,48,2,295,258,1,200
S048_F011,48,2,301,282,0,0
S048_F012,48,2,147,136,0,0
S048_F013,48,2,279,251,0,0
S048_F014,48,2,131,125,1,200
S048_F015,48,2,253,223,1,200
S048_F016,48,2,141,128,0,0
S048_F017,48,2,134,117,0,0
S048_F018,48,2,241,218,0,0
S048_F019,48,2,274,243,0,0
S049_F000,49,2,250,220,0,0
S049_F001,49,2,300,271,0,0
S049_F002,49,2,268,239,0,0
S049_F003,49,2,275,248,0,0
S049_F004,49,2,134,120,2,400
S049_F005,49,2,213,190,0,0
S049_F006,49,2,302,268,0,0
S049_F007,49,2,164,144,0,0
S049_F008,49,2,331,303,13,4900
S049_F009,49,2,130,120,0,0
S049_F010,49,2,235,217,1,200
S049_F011,49,2,283,266,0,0
S049_F012,49,2,275,248,0,0
S049_F013,49,2,187,171,0,0
S049_F014,49,2,203,181,0,0
S049_F015,49,2,287,259,0,0
S049_F016,49,2,113,101,0,0
S049_F017,49,2,283,259,7,2500
S049_F018,49,2,126,111,0,0
S049_F019,49,2,182,162,0,0
S000_F000,0,1,164,147,0,0
S000_F001,0,1,144,126,0,0
S000_F002,0,1,199,188,0,0
S000_F003,0,1,190,171,0,0
S000_F004,0,1,331,295,2,700
S000_F005,0,1,294,263,0,0
S000_F006,0,1,239,213,0,0
S000_F007,0,1,147,138,6,1500
S000_F008,0,1,317,284,0,0
S000_F009,0,1,184,164,0,0
S000_F010,0,1,135,123,0,0
S000_F011,0,1,209,191,0,0
S000_F012,0,1,244,217,0,0
S000_F013,0,1,134,120,0,0
S000_F014,0,1,207,182,0,0
S000_F015,0,1,316,277,0,0
S000_F016,0,1,178,167,1,1000
S000_F017,0,1,292,264,3,1200
S000_F018,0,1,207,177,0,0
S000_F019,0,1,198,174,0,0
S001_F000,1,1,317,283,0,0
S001_F001,1,1,167,150,0,0
S001_F002,1,1,313,279,4,1900
S001_F003,1,1,115,102,0,0
S001_F004,1,1,289,249,0,0
S001_F005,1,1,204,182,0,0
S001_F006,1,1,245,220,0,0
S001_F007,1,1,154,139,0,0
S001_F008,1,1,321,291,10,3100
S001_F009,1,1,169,155,0,0
S001_F010,1,1,165,157,2,400
S001_F011,1,1,118,104,0,0
S001_F012,1,1,188,170,0,0
S001_F013,1,1,151,134,0,0
S001_F014,1,1,236,214,8,2700
S001_F015,1,1,244,221,5,1900
S001_F016,1,1,138,124,0,0
S001_F017,1,1,277,249,0,0
S001_F018,1,1,118,105,0,0
S001_F019,1,1,189,162,0,0
S002_F000,2,1,105,90,0,0
S002_F001,2,1,212,187,0,0
S002_F002,2,1,272,249,0,0
S002_F003,2,1,110,102,0,0
S002_F004,2,1,207,186,0,0
S002_F005,2,1,176,159,0,0
S002_F006,2,1,146,130,0,0
S002_F007,2,1,164,147,0,0
S002_F008,2,1,312,280,0,0
S002_F009,2,1,308,273,0,0
S002_F010,2,1,266,244,1,200
S002_F011,2,1,203,173,0,0
S002_F012,2,1,336,302,3,600
S002_F013,2,1,273,251,0,0
S002_F014,2,1,270,243,0,0
S002_F015,2,1,266,252,0,0
S002_F016,2,1,253,222,0,0
S002_F017,2,1,227,208,4,1600
S002_F018,2,1,178,159,0,0
S002_F019,2,1,255,234,0,0
S003_F000,3,1,300,262,0,0
S003_F001,3,1,178,166,0,0
S003_F002,3,1,291,252,0,0
S003_F003,3,1,332,298,8,3600
S003_F004,3,1,172,158,0,0
S003_F005,3,1,187,168,0,0
S003_F006,3,1,288,254,0,0
S003_F007,3,1,193,172,2,700
S003_F008,3,1,157,139,0,0
S003_F009,3,1,192,169,0,0
S003_F010,3,1,302,266,0,0
S003_F011,3,1,277,242,0,0
S003_F012,3,1,292,263,0,0
S003_F013,3,1,149,130,0,0
S003_F014,3,1,155,138,0,0
S003_F015,3,1,334,301,6,2300
S003_F016,3,1,251,220,0,0
S003_F017,3,1,164,149,0,0
S003_F018,3,1,286,256,0,0
S003_F019,3,1,210,186,0,0
S004_F000,4,1,232,209,0,0
S004_F001,4,1,313,278,0,0
S004_F002,4,1,193,171,1,200
S004_F003,4,1,132,120,1,200
S004_F004,4,1,325,295,3,900
S004_F005,4,1,108,101,0,0
S004_F006,4,1,210,194,0,0
S004_F007,4,1,118,105,0,0
S004_F008,4,1,258,225,0,0
S004_F009,4,1,306,273,1,200
S004_F010,4,1,174,160,0,0
S004_F011,4,1,293,263,0,0
S004_F012,4,1,106,99,0,0
S004_F013,4,1,249,224,0,0
S004_F014,4,1,191,167,0,0
S004_F015,4,1,175,147,0,0
S004_F016,4,1,147,132,0,0
S004_F017,4,1,147,136,0,0
S004_F018,4,1,274,257,1,500
S004_F019,4,1,263,237,0,0
S005_F000,5,1,330,294,0,0
S005_F001,5,1,196,182,6,2600
S005_F002,5,1,143,132,0,0
S005_F003,5,1,311,288,0,0
S005_F004,5,1,202,186,0,0
S005_F005,5,1,109,98,0,0
S005_F006,5,1,220,203,5,1300
S005_F007,5,1,224,197,0,0
S005_F008,5,1,169,150,0,0
S005_F009,5,1,145,135,0,0
S005_F010,5,1,310,277,0,0
S005_F011,5,1,218,194,0,0
S005_F012,5,1,134,118,0,0
S005_F013,5,1,226,201,0,0
S005_F014,5,1,163,150,5,1300
S005_F015,5,1,224,203,0,0
S005_F016,5,1,171,158,0,0
S005_F017,5,1,237,217,4,2700
S005_F018,5,1,169,154,0,0
S005_F019,5,1,233,211,0,0
S006_F000,6,1,177,162,0,0
S006_F001,6,1,244,215,0,0
S006_F002,6,1,118,103,0,0
S006_F003,6,1,174,153,0,0
S006_F004,6,1,257,225,0,0
S006_F005,6,1,245,227,0,0
S006_F006,6,1,134,119,0,0
S006_F007,6,1,123,107,0,0
S006_F008,6,1,273,252,3,900
S006_F009,6,1,201,183,0,0
S006_F010,6,1,200,184,0,0
S006_F011,6,1,145,128,0,0
S006_F012,6,1,178,163,5,2100
S006_F013,6,1,117,110,4,1600
S006_F014,6,1,182,166,0,0
S006_F015,6,1,317,285,0,0
S006_F016,6,1,235,215,0,0
S006_F017,6,1,242,226,0,0
S006_F018,6,1,123,112,4,1600
S006_F019,6,1,278,254,0,0
S007_F000,7,1,245,221,7,2500
S007_F001,7,1,224,196,0,0
S007_F002,7,1,247,223,5,1000
S007_F003,7,1,276,246,0,0
S007_F004,7,1,262,223,0,0
S007_F005,7,1,309,269,0,0
S007_F006,7,1,140,133,8,4300
S007_F007,7,1,328,290,3,900
S007_F008,7,1,126,115,1,200
S007_F009,7,1,322,293,0,0
S007_F010,7,1,225,191,0,0
S007_F011,7,1,114,103,0,0
S007_F012,7,1,286,255,0,0
S007_F013,7,1,235,221,16,6200
S007_F014,7,1,277,248,0,0
S007_F015,7,1,303,272,0,0
S007_F016,7,1,290,267,10,2300
S007_F017,7,1,246,216,0,0
S007_F018,7,1,109,96,0,0
S007_F019,7,1,136,125,0,0
S008_F000,8,1,220,199,2,400
S008_F001,8,1,229,198,0,0
S008_F002,8,1,237,223,0,0
S008_F003,8,1,249,220,0,0
S008_F004,8,1,156,138,1,200
S008_F005,8,1,193,168,0,0
S008_F006,8,1,297,269,0,0
S008_F007,8,1,328,288,2,1000
S008_F008,8,1,136,120,0,0
S008_F009,8,1,107,100,0,0
S008_F010,8,1,171,152,1,200
S008_F011,8,1,204,182,0,0
S008_F012,8,1,137,119,0,0
S008_F013,8,1,139,120,0,0
S008_F014,8,1,312,277,0,0
S008_F015,8,1,300,264,0,0
S008_F016,8,1,212,190,0,0
S008_F017,8,1,184,166,0,0
S008_F018,8,1,105,98,0,0
S008_F019,8,1,136,123,2,400
S009_F000,9,1,144,135,0,0
S009_F001,9,1,236,217,0,0
S009_F002,9,1,239,215,0,0
S009_F003,9,1,110,96,0,0
S009_F004,9,1,191,170,0,0
S009_F005,9,1,183,165,0,0
S009_F006,9,1,250,220,0,0
S009_F007,9,1,256,227,0,0
S009_F008,9,1,217,199,0,0
S009_F009,9,1,237,213,0,0
S009_F010,9,1,174,159,0,0
S009_F011,9,1,136,123,0,0
S009_F012,9,1,229,206,0,0
S009_F013,9,1,170,152,2,1200
S009_F014,9,1,286,250,0,0
S009_F015,9,1,224,202,0,0
S009_F016,9,1,219,195,0,0
S009_F017,9,1,234,206,0,0
S009_F018,9,1,120,102,0,0
S009_F019,9,1,151,138,0,0
S010_F000,10,1,121,101,0,0
S010_F001,10,1,282,247,0,0
S010_F002,10,1,166,154,3,600
S010_F003,10,1,297,267,0,0
S010_F004,10,1,187,172,0,0
S010_F005,10,1,167,151,0,0
S010_F006,10,1,154,133,0,0
S010_F007,10,1,202,184,7,2000
S010_F008,10,1,157,139,0,0
S010_F009,10,1,191,165,0,0
S010_F010,10,1,239,216,0,0
S010_F011,10,1,139,123,0,0
S010_F012,10,1,220,191,0,0
S010_F013,10,1,213,191,0,0
S010_F014,10,1,286,248,0,0
S010_F015,10,1,175,152,0,0
S010_F016,10,1,200,181,0,0
S010_F017,10,1,194,167,0,0
S010_F018,10,1,150,141,0,0
S010_F019,10,1,308,267,0,0
S011_F000,11,1,125,114,1,1000
S011_F001,11,1,221,196,0,0
S011_F002,11,1,237,215,0,0
S011_F003,11,1,240,216,0,0
S011_F004,11,1,121,113,3,1200
S011_F005,11,1,130,117,0,0
S011_F006,11,1,159,149,0,0
S011_F007,11,1,328,283,0,0
S011_F008,11,1,139,130,3,600
S011_F009,11,1,165,144,0,0
S011_F010,11,1,202,181,0,0
S011_F011,11,1,206,181,0,0
S011_F012,11,1,191,174,0,0
S011_F013,11,1,252,217,0,0
S011_F014,11,1,279,249,0,0
S011_F015,11,1,186,169,0,0
S011_F016,11,1,164,149,5,1800
S011_F017,11,1,329,296,0,0
S011_F018,11,1,207,189,5,1300
S011_F019,11,1,270,239,0,0
S012_F000,12,1,171,150,0,0
S012_F001,12,1,236,208,0,0
S012_F002,12,1,287,267,0,0
S012_F003,12,1,181,164,3,1400
S012_F004,12,1,266,241,0,0
S012_F005,12,1,102,83,0,0
S012_F006,12,1,165,151,0,0
S012_F007,12,1,261,224,0,0
S012_F008,12,1,209,187,0,0
S012_F009,12,1,157,144,0,0
S012_F010,12,1,125,117,0,0
S012_F011,12,1,222,192,0,0
S012_F012,12,1,315,282,0,0
S012_F013,12,1,278,258,0,0
S012_F014,12,1,122,109,0,0
S012_F015,12,1,253,231,0,0
S012_F016,12,1,186,167,0,0
S012_F017,12,1,219,197,0,0
S012_F018,12,1,240,220,0,0
S012_F019,12,1,215,190,0,0
S013_F000,13,1,234,208,0,0
S013_F001,13,1,122,115,0,0
S013_F002,13,1,171,154,0,0
S013_F003,13,1,120,112,5,1300
S013_F004,13,1,151,138,0,0
S013_F005,13,1,139,122,0,0
S013_F006,13,1,191,173,0,0
S013_F007,13,1,263,234,0,0
S013_F008,13,1,209,194,5,2700
S013_F009,13,1,286,259,0,0
S013_F010,13,1,209,186,0,0
S013_F011,13,1,248,223,0,0
S013_F012,13,1,266,243,11,2500
S013_F013,13,1,112,99,0,0
S013_F014,13,1,207,183,0,0
S013_F015,13,1,222,199,0,0
S013_F016,13,1,236,215,0,0
S013_F017,13,1,161,145,2,1200
S013_F018,13,1,132,119,0,0
S013_F019,13,1,150,139,0,0
S014_F000,14,1,121,105,0,0
S014_F001,14,1,226,207,4,1900
S014_F002,14,1,107,105,5,1000
S014_F003,14,1,246,224,0,0
S014_F004,14,1,298,270,0,0
S014_F005,14,1,115,100,0,0
S014_F006,14,1,323,286,0,0
S014_F007,14,1,291,254,0,0
S014_F008,14,1,103,94,0,0
S014_F009,14,1,236,204,0,0
S014_F010,14,1,233,202,0,0
S014_F011,14,1,114,105,3,600
S014_F012,14,1,245,218,0,0
S014_F013,14,1,172,154,1,200
S014_F014,14,1,166,147,0,0
S014_F015,14,1,200,179,0,0
S014_F016,14,1,304,277,0,0
S014_F017,14,1,124,120,10,2800
S014_F018,14,1,254,225,0,0
S014_F019,14,1,142,130,0,0
S015_F000,15,1,263,242,0,0
S015_F001,15,1,163,151,0,0
S015_F002,15,1,134,120,0,0
S015_F003,15,1,302,270,0,0
S015_F004,15,1,119,108,0,0
S015_F005,15,1,164,145,0,0
S015_F006,15,1,237,203,0,0
S015_F007,15,1,254,224,3,600
S015_F008,15,1,167,149,0,0
S015_F009,15,1,161,148,0,0
S015_F010,15,1,240,213,3,900
S015_F011,15,1,161,146,0,0
S015_F012,15,1,264,228,0,0
S015_F013,15,1,265,233,0,0
S015_F014,15,1,157,144,2,400
S015_F015,15,1,299,271,9,3400
S015_F016,15,1,140,125,0,0
S015_F017,15,1,300,266,0,0
S015_F018,15,1,178,158,0,0
S015_F019,15,1,313,284,0,0
S016_F000,16,1,141,122,0,0
S016_F001,16,1,237,222,0,0
S016_F002,16,1,290,250,0,0
S016_F003,16,1,250,217,0,0
S016_F004,16,1,314,281,0,0
S016_F005,16,1,190,175,3,600
S016_F006,16,1,177,154,0,0
S016_F007,16,1,219,200,0,0
S016_F008,16,1,196,184,8,2800
S016_F009,16,1,324,295,6,1200
S016_F010,16,1,144,135,0,0
S016_F011,16,1,218,198,0,0
S016_F012,16,1,222,202,5,2600
S016_F013,16,1,324,280,0,0
S016_F014,16,1,112,100,0,0
S016_F015,16,1,330,294,0,0
S016_F016,16,1,123,115,0,0
S016_F017,16,1,236,209,0,0
S016_F018,16,1,196,177,0,0
S016_F019,16,1,162,146,1,200
S017_F000,17,1,240,216,0,0
S017_F001,17,1,162,149,7,2000
S017_F002,17,1,159,144,0,0
S017_F003,17,1,325,293,0,0
S017_F004,17,1,106,100,0,0
S017_F005,17,1,211,185,0,0
S017_F006,17,1,137,123,0,0
S017_F007,17,1,182,163,1,200
S017_F008,17,1,205,194,10,3600
S017_F009,17,1,160,137,0,0
S017_F010,17,1,241,220,6,1800
S017_F011,17,1,144,127,0,0
S017_F012,17,1,331,291,0,0
S017_F013,17,1,268,241,0,0
S017_F014,17,1,290,267,0,0
S017_F015,17,1,166,150,0,0
S017_F016,17,1,326,294,8,3200
S017_F017,17,1,190,168,0,0
S017_F018,17,1,151,135,0,0
S017_F019,17,1,177,163,5,1800
S018_F000,18,1,322,293,8,1900
S018_F001,18,1,212,193,0,0
S018_F002,18,1,118,110,0,0
S018_F003,18,1,169,159,8,4300
S018_F004,18,1,198,175,0,0
S018_F005,18,1,193,179,0,0
S018_F006,18,1,229,206,0,0
S018_F007,18,1,338,298,3,600
S018_F008,18,1,162,147,1,200
S018_F009,18,1,147,132,3,900
S018_F010,18,1,263,235,0,0
S018_F011,18,1,284,267,0,0
S018_F012,18,1,252,223,0,0
S018_F013,18,1,123,110,0,0
S018_F014,18,1,295,269,0,0
S018_F015,18,1,234,213,6,2600
S018_F016,18,1,146,124,0,0
S018_F017,18,1,268,240,0,0
S018_F018,18,1,278,252,10,2600
S018_F019,18,1,164,147,0,0
S019_F000,19,1,127,112,0,0
S019_F001,19,1,208,183,0,0
S019_F002,19,1,295,263,0,0
S019_F003,19,1,328,292,6,2000
S019_F004,19,1,139,124,0,0
S019_F005,19,1,320,293,7,1700
S019_F006,19,1,159,140,0,0
S019_F007,19,1,226,211,10,3400
S019_F008,19,1,142,127,0,0
S019_F009,19,1,189,166,0,0
S019_F010,19,1,126,113,0,0
S019_F011,19,1,216,187,0,0
S019_F012,19,1,228,207,0,0
S019_F013,19,1,250,228,0,0
S019_F014,19,1,251,229,2,1200
S019_F015,19,1,252,228,7,2800
S019_F016,19,1,231,205,2,400
S019_F017,19,1,259,228,1,500
S019_F018,19,1,245,226,0,0
S019_F019,19,1,160,151,5,1300
S020_F000,20,1,153,135,0,0
S020_F001,20,1,259,232,0,0
S020_F002,20,1,152,135,0,0
S020_F003,20,1,252,221,0,0
S020_F004,20,1,316,281,6,2600
S020_F005,20,1,293,263,0,0
S020_F006,20,1,117,107,1,200
S020_F007,20,1,286,262,0,0
S020_F008,20,1,226,204,6,1500
S020_F009,20,1,173,159,0,0
S020_F010,20,1,272,251,0,0
S020_F011,20,1,275,251,4,1100
S020_F012,20,1,217,191,0,0
S020_F013,20,1,297,261,0,0
S020_F014,20,1,229,207,0,0
S020_F015,20,1,248,216,0,0
S020_F016,20,1,153,137,0,0
S020_F017,20,1,224,195,0,0
S020_F018,20,1,239,215,2,1200
S020_F019,20,1,308,283,11,3900
S021_F000,21,1,110,103,0,0
S021_F001,21,1,206,188,0,0
S021_F002,21,1,148,133,0,0
S021_F003,21,1,172,153,0,0
S021_F004,21,1,243,223,0,0
S021_F005,21,1,121,111,5,1800
S021_F006,21,1,263,233,0,0
S021_F007,21,1,278,254,0,0
S021_F008,21,1,285,261,0,0
S021_F009,21,1,195,182,0,0
S021_F010,21,1,138,122,0,0
S021_F011,21,1,178,164,0,0
S021_F012,21,1,262,247,0,0
S021_F013,21,1,182,168,0,0
S021_F014,21,1,254,228,0,0
S021_F015,21,1,160,151,0,0
S021_F016,21,1,117,110,0,0
S021_F017,21,1,174,153,0,0
S021_F018,21,1,239,219,0,0
S021_F019,21,1,155,138,0,0
S022_F000,22,1,334,295,2,1500
S022_F001,22,1,145,135,0,0
S022_F002,22,1,131,120,0,0
S022_F003,22,1,152,133,0,0
S022_F004,22,1,304,278,0,0
S022_F005,22,1,144,128,0,0
S022_F006,22,1,274,239,0,0
S022_F007,22,1,245,216,0,0
S022_F008,22,1,258,236,11,3100
S022_F009,22,1,216,190,1,200
S022_F010,22,1,162,145,3,1200
S022_F011,22,1,246,217,0,0
S022_F012,22,1,224,211,0,0
S022_F013,22,1,305,270,0,0
S022_F014,22,1,126,112,0,0
S022_F015,22,1,118,100,0,0
S022_F016,22,1,316,285,3,900
S022_F017,22,1,121,111,0,0
S022_F018,22,1,189,163,0,0
S022_F019,22,1,218,196,0,0
S023_F000,23,1,302,279,0,0
S023_F001,23,1,211,187,0,0
S023_F002,23,1,174,158,0,0
S023_F003,23,1,115,108,7,1400
S023_F004,23,1,152,141,4,1100
S023_F005,23,1,320,294,6,2300
S023_F006,23,1,246,218,0,0
S023_F007,23,1,317,284,0,0
S023_F008,23,1,234,212,0,0
S023_F009,23,1,277,247,0,0
S023_F010,23,1,304,281,16,7000
S023_F011,23,1,178,150,0,0
S023_F012,23,1,287,252,0,0
S023_F013,23,1,324,294,0,0
S023_F014,23,1,202,180,2,700
S023_F015,23,1,282,233,0,0
S023_F016,23,1,199,179,0,0
S023_F017,23,1,251,232,0,0
S023_F018,23,1,222,193,0,0
S023_F019,23,1,162,143,0,0
S024_F000,24,1,293,266,0,0
S024_F001,24,1,164,146,1,1000
S024_F002,24,1,219,203,0,0
S024_F003,24,1,257,232,0,0
S024_F004,24,1,299,260,0,0
S024_F005,24,1,290,266,0,0
S024_F006,24,1,178,163,0,0
S024_F007,24,1,210,182,0,0
S024_F008,24,1,138,126,3,900
S024_F009,24,1,296,275,4,1600
S024_F010,24,1,280,252,6,2300
S024_F011,24,1,112,101,1,200
S024_F012,24,1,144,130,0,0
S024_F013,24,1,344,315,15,4900
S024_F014,24,1,276,248,1,500
S024_F015,24,1,134,126,0,0
S024_F016,24,1,242,220,0,0
S024_F017,24,1,242,219,6,2300
S024_F018,24,1,166,155,4,1400
S024_F019,24,1,299,276,0,0
S025_F000,25,1,316,284,0,0
S025_F001,25,1,254,215,0,0
S025_F002,25,1,164,148,2,700
S025_F003,25,1,207,184,0,0
S025_F004,25,1,268,238,0,0
S025_F005,25,1,144,130,0,0
S025_F006,25,1,185,166,0,0
S025_F007,25,1,216,185,0,0
S025_F008,25,1,143,128,0,0
S025_F009,25,1,215,195,0,0
S025_F010,25,1,149,131,0,0
S025_F011,25,1,280,243,0,0
S025_F012,25,1,137,126,0,0
S025_F013,25,1,122,111,0,0
S025_F014,25,1,279,250,0,0
S025_F015,25,1,171,150,0,0
S025_F016,25,1,285,255,0,0
S025_F017,25,1,268,243,0,0
S025_F018,25,1,314,286,3,900
S025_F019,25,1,162,145,2,400
S026_F000,26,1,242,211,0,0
S026_F001,26,1,234,204,0,0
S026_F002,26,1,212,196,0,0
S026_F003,26,1,326,293,0,0
S026_F004,26,1,227,212,2,400
S026_F005,26,1,125,107,0,0
S026_F006,26,1,264,240,0,0
S026_F007,26,1,200,181,5,1300
S026_F008,26,1,300,271,0,0
S026_F009,26,1,113,100,0,0
S026_F010,26,1,166,144,0,0
S026_F011,26,1,139,125,0,0
S026_F012,26,1,139,127,5,2100
S026_F013,26,1,319,291,1,500
S026_F014,26,1,142,135,9,2700
S026_F015,26,1,293,274,4,1900
S026_F016,26,1,272,241,0,0
S026_F017,26,1,207,177,0,0
S026_F018,26,1,186,168,3,600
S026_F019,26,1,292,266,9,4300
S027_F000,27,1,136,125,3,600
S027_F001,27,1,146,133,3,600
S027_F002,27,1,135,124,0,0
S027_F003,27,1,165,145,0,0
S027_F004,27,1,173,156,0,0
S027_F005,27,1,268,242,5,2400
S027_F006,27,1,164,151,4,2200
S027_F007,27,1,212,186,0,0
S027_F008,27,1,180,167,0,0
S027_F009,27,1,234,214,8,2400
S027_F010,27,1,286,260,0,0
S027_F011,27,1,324,290,0,0
S027_F012,27,1,263,239,0,0
S027_F013,27,1,223,202,4,1100
S027_F014,27,1,246,227,0,0
S027_F015,27,1,286,259,0,0
S027_F016,27,1,251,233,0,0
S027_F017,27,1,246,216,0,0
S027_F018,27,1,149,133,0,0
S027_F019,27,1,260,232,0,0
S028_F000,28,1,144,130,0,0
S028_F001,28,1,163,144,0,0
S028_F002,28,1,293,258,0,0
S028_F003,28,1,228,204,4,1600
S028_F004,28,1,264,234,0,0
S028_F005,28,1,190,166,0,0
S028_F006,28,1,116,109,1,200
S028_F007,28,1,324,288,0,0
S028_F008,28,1,193,172,0,0
S028_F009,28,1,145,126,0,0
S028_F010,28,1,315,283,0,0
S028_F011,28,1,206,186,0,0
S028_F012,28,1,126,114,0,0
S028_F013,28,1,182,164,0,0
S028_F014,28,1,153,134,0,0
S028_F015,28,1,142,122,0,0
S028_F016,28,1,307,271,0,0
S028_F017,28,1,297,266,0,0
S028_F018,28,1,269,249,0,0
S028_F019,28,1,127,114,2,1200
S029_F000,29,1,317,286,10,3700
S029_F001,29,1,249,223,0,0
S029_F002,29,1,163,148,3,1400
S029_F003,29,1,209,188,2,1200
S029_F004,29,1,261,224,0,0
S029_F005,29,1,235,212,0,0
S029_F006,29,1,232,197,0,0
S029_F007,29,1,285,260,6,2600
S029_F008,29,1,328,287,0,0
S029_F009,29,1,294,267,7,3300
S029_F010,29,1,153,135,0,0
S029_F011,29,1,123,116,8,2200
S029_F012,29,1,303,270,0,0
S029_F013,29,1,199,177,0,0
S029_F014,29,1,188,159,0,0
S029_F015,29,1,289,257,0,0
S029_F016,29,1,245,222,4,1600
S029_F017,29,1,303,279,0,0
S029_F018,29,1,158,141,0,0
S029_F019,29,1,226,198,0,0
S030_F000,30,1,165,145,0,0
S030_F001,30,1,167,146,0,0
S030_F002,30,1,240,215,1,200
S030_F003,30,1,193,174,0,0
S030_F004,30,1,260,234,0,0
S030_F005,30,1,306,278,3,1400
S030_F006,30,1,161,142,0,0
S030_F007,30,1,289,255,0,0
S030_F008,30,1,104,97,0,0
S030_F009,30,1,201,182,0,0
S030_F010,30,1,238,217,0,0
S030_F011,30,1,271,242,0,0
S030_F012,30,1,227,206,0,0
S030_F013,30,1,276,253,0,0
S030_F014,30,1,190,169,0,0
S030_F015,30,1,303,278,0,0
S030_F016,30,1,107,95,0,0
S030_F017,30,1,259,238,4,1400
S030_F018,30,1,261,235,3,600
S030_F019,30,1,326,293,0,0
S031_F000,31,1,152,141,0,0
S031_F001,31,1,257,232,0,0
S031_F002,31,1,120,109,0,0
S031_F003,31,1,196,176,0,0
S031_F004,31,1,256,229,0,0
S031_F005,31,1,173,153,0,0
S031_F006,31,1,293,265,0,0
S031_F007,31,1,221,200,7,2800
S031_F008,31,1,114,101,0,0
S031_F009,31,1,139,129,0,0
S031_F010,31,1,261,231,0,0
S031_F011,31,1,241,217,0,0
S031_F012,31,1,198,188,0,0
S031_F013,31,1,199,181,0,0
S031_F014,31,1,314,276,2,400
S031_F015,31,1,271,245,0,0
S031_F016,31,1,152,137,0,0
S031_F017,31,1,133,119,0,0
S031_F018,31,1,311,284,12,4100
S031_F019,31,1,165,145,0,0
S032_F000,32,1,120,107,0,0
S032_F001,32,1,208,185,0,0
S032_F002,32,1,301,272,0,0
S032_F003,32,1,109,100,0,0
S032_F004,32,1,219,199,7,1400
S032_F005,32,1,182,168,4,1600
S032_F006,32,1,262,237,0,0
S032_F007,32,1,193,166,0,0
S032_F008,32,1,235,209,0,0
S032_F009,32,1,297,264,0,0
S032_F010,32,1,194,181,0,0
S032_F011,32,1,108,97,0,0
S032_F012,32,1,181,171,9,3700
S032_F013,32,1,297,264,0,0
S032_F014,32,1,116,103,0,0
S032_F015,32,1,280,254,0,0
S032_F016,32,1,210,195,8,4600
S032_F017,32,1,291,269,14,3900
S032_F018,32,1,112,98,0,0
S032_F019,32,1,126,115,0,0
S033_F000,33,1,293,265,5,1000
S033_F001,33,1,126,113,1,200
S033_F002,33,1,231,207,0,0
S033_F003,33,1,248,225,0,0
S033_F004,33,1,303,262,0,0
S033_F005,33,1,205,181,0,0
S033_F006,33,1,267,235,0,0
S033_F007,33,1,293,266,0,0
S033_F008,33,1,212,191,5,2600
S033_F009,33,1,241,220,0,0
S033_F010,33,1,295,259,0,0
S033_F011,33,1,247,217,0,0
S033_F012,33,1,140,123,0,0
S033_F013,33,1,340,307,8,2700
S033_F014,33,1,284,250,0,0
S033_F015,33,1,272,241,0,0
S033_F016,33,1,231,206,0,0
S033_F017,33,1,187,169,0,0
S033_F018,33,1,217,206,10,2600
S033_F019,33,1,252,217,0,0
S034_F000,34,1,209,192,10,3700
S034_F001,34,1,243,223,10,5200
S034_F002,34,1,126,110,0,0
S034_F003,34,1,200,176,0,0
S034_F004,34,1,295,263,0,0
S034_F005,34,1,173,158,0,0
S034_F006,34,1,129,108,0,0
S034_F007,34,1,245,225,3,900
S034_F008,34,1,267,249,0,0
S034_F009,34,1,174,152,0,0
S034_F010,34,1,142,129,0,0
S034_F011,34,1,281,250,0,0
S034_F012,34,1,159,142,0,0
S034_F013,34,1,182,172,0,0
S034_F014,34,1,252,222,0,0
S034_F015,34,1,178,155,0,0
S034_F016,34,1,178,158,2,400
S034_F017,34,1,263,236,0,0
S034_F018,34,1,164,149,0,0
S034_F019,34,1,259,232,0,0
S035_F000,35,1,293,257,0,0
S035_F001,35,1,209,195,0,0
S035_F002,35,1,271,241,1,200
S035_F003,35,1,227,205,5,1600
S035_F004,35,1,234,209,0,0
S035_F005,35,1,272,244,0,0
S035_F006,35,1,320,290,0,0
S035_F007,35,1,234,209,0,0
S035_F008,35,1,229,202,0,0
S035_F009,35,1,272,248,9,2100
S035_F010,35,1,236,216,2,400
S035_F011,35,1,199,177,0,0
S035_F012,35,1,126,117,5,1300
S035_F013,35,1,248,227,0,0
S035_F014,35,1,269,245,7,2300
S035_F015,35,1,199,179,0,0
S035_F016,35,1,230,207,0,0
S035_F017,35,1,139,125,0,0
S035_F018,35,1,197,184,0,0
S035_F019,35,1,309,283,0,0
S036_F000,36,1,179,164,0,0
S036_F001,36,1,232,210,5,1300
S036_F002,36,1,106,88,0,0
S036_F003,36,1,237,218,0,0
S036_F004,36,1,106,100,0,0
S036_F005,36,1,234,213,9,2900
S036_F006,36,1,114,108,5,1300
S036_F007,36,1,215,199,7,1400
S036_F008,36,1,104,93,0,0
S036_F009,36,1,282,251,0,0
S036_F010,36,1,224,204,0,0
S036_F011,36,1,219,203,0,0
S036_F012,36,1,235,219,0,0
S036_F013,36,1,165,143,0,0
S036_F014,36,1,220,190,0,0
S036_F015,36,1,255,227,0,0
S036_F016,36,1,119,106,0,0
S036_F017,36,1,185,171,0,0
S036_F018,36,1,242,217,0,0
S036_F019,36,1,226,200,0,0
S037_F000,37,1,236,211,4,800
S037_F001,37,1,156,139,0,0
S037_F002,37,1,218,189,0,0
S037_F003,37,1,159,139,0,0
S037_F004,37,1,196,167,0,0
S037_F005,37,1,301,269,6,3100
S037_F006,37,1,330,289,0,0
S037_F007,37,1,214,196,5,1800
S037_F008,37,1,316,291,11,4300
S037_F009,37,1,204,179,0,0
S037_F010,37,1,224,200,0,0
S037_F011,37,1,126,113,0,0
S037_F012,37,1,313,276,0,0
S037_F013,37,1,294,264,5,1600
S037_F014,37,1,110,102,0,0
S037_F015,37,1,244,213,0,0
S037_F016,37,1,138,120,0,0
S037_F017,37,1,263,245,16,5400
S037_F018,37,1,192,173,0,0
S037_F019,37,1,269,242,0,0
S038_F000,38,1,146,129,0,0
S038_F001,38,1,234,202,0,0
S038_F002,38,1,134,115,0,0
S038_F003,38,1,290,270,0,0
S038_F004,38,1,144,129,0,0
S038_F005,38,1,162,151,0,0
S038_F006,38,1,105,93,0,0
S038_F007,38,1,151,137,0,0
S038_F008,38,1,150,135,0,0
S038_F009,38,1,158,139,0,0
S038_F010,38,1,253,220,0,0
S038_F011,38,1,116,106,2,700
S038_F012,38,1,142,126,0,0
S038_F013,38,1,268,249,13,6100
S038_F014,38,1,250,228,0,0
S038_F015,38,1,137,124,0,0
S038_F016,38,1,124,118,6,1500
S038_F017,38,1,165,153,0,0
S038_F018,38,1,223,195,0,0
S038_F019,38,1,203,176,0,0
S039_F000,39,1,229,210,4,1700
S039_F001,39,1,310,275,0,0
S039_F002,39,1,194,173,0,0
S039_F003,39,1,226,198,0,0
S039_F004,39,1,161,145,0,0
S039_F005,39,1,143,133,0,0
S039_F006,39,1,288,257,0,0
S039_F007,39,1,265,233,0,0
S039_F008,39,1,218,196,0,0
S039_F009,39,1,232,213,7,3000
S039_F010,39,1,175,168,9,2900
S039_F011,39,1,240,214,0,0
S039_F012,39,1,270,239,0,0
S039_F013,39,1,195,167,0,0
S039_F014,39,1,141,125,0,0
S039_F015,39,1,285,257,0,0
S039_F016,39,1,276,249,0,0
S039_F017,39,1,306,271,4,1400
S039_F018,39,1,148,126,0,0
S039_F019,39,1,112,99,0,0
S040_F000,40,1,123,114,0,0
S040_F001,40,1,107,98,0,0
S040_F002,40,1,210,191,3,1400
S040_F003,40,1,215,188,0,0
S040_F004,40,1,222,195,0,0
S040_F005,40,1,262,227,0,0
S040_F006,40,1,215,187,0,0
S040_F007,40,1,234,205,0,0
S040_F008,40,1,238,208,0,0
S040_F009,40,1,254,217,0,0
S040_F010,40,1,160,145,0,0
S040_F011,40,1,231,207,0,0
S040_F012,40,1,286,263,8,3000
S040_F013,40,1,225,203,0,0
S040_F014,40,1,282,248,0,0
S040_F015,40,1,312,281,5,1300
S040_F016,40,1,266,232,0,0
S040_F017,40,1,134,117,0,0
S040_F018,40,1,168,148,0,0
S040_F019,40,1,152,136,0,0
S041_F000,41,1,276,252,0,0
S041_F001,41,1,178,165,5,1800
S041_F002,41,1,286,259,0,0
S041_F003,41,1,287,257,0,0
S041_F004,41,1,244,226,1,200
S041_F005,41,1,120,109,0,0
S041_F006,41,1,305,270,0,0
S041_F007,41,1,286,260,0,0
S041_F008,41,1,277,248,0,0
S041_F009,41,1,176,163,7,2500
S041_F010,41,1,206,179,0,0
S041_F011,41,1,267,241,0,0
S041_F012,41,1,292,259,0,0
S041_F013,41,1,208,189,4,1900
S041_F014,41,1,113,106,0,0
S041_F015,41,1,237,210,0,0
S041_F016,41,1,241,221,0,0
S041_F017,41,1,190,174,0,0
S041_F018,41,1,154,136,0,0
S041_F019,41,1,114,104,0,0
S042_F000,42,1,232,208,0,0
S042_F001,42,1,269,243,0,0
S042_F002,42,1,149,137,6,1500
S042_F003,42,1,289,255,0,0
S042_F004,42,1,311,284,0,0
S042_F005,42,1,293,275,3,1700
S042_F006,42,1,141,126,2,400
S042_F007,42,1,187,163,0,0
S042_F008,42,1,244,223,0,0
S042_F009,42,1,172,158,6,2000
S042_F010,42,1,268,244,0,0
S042_F011,42,1,191,171,1,200
S042_F012,42,1,199,183,5,1800
S042_F013,42,1,244,218,0,0
S042_F014,42,1,284,263,0,0
S042_F015,42,1,129,112,0,0
S042_F016,42,1,197,179,6,2000
S042_F017,42,1,215,189,0,0
S042_F018,42,1,221,203,0,0
S042_F019,42,1,251,227,5,2100
S043_F000,43,1,200,178,0,0
S043_F001,43,1,160,145,0,0
S043_F002,43,1,274,241,0,0
S043_F003,43,1,184,172,3,900
S043_F004,43,1,217,202,7,1700
S043_F005,43,1,282,258,0,0
S043_F006,43,1,137,119,0,0
S043_F007,43,1,128,118,0,0
S043_F008,43,1,174,156,0,0
S043_F009,43,1,215,195,0,0
S043_F010,43,1,292,266,3,900
S043_F011,43,1,164,151,0,0
S043_F012,43,1,170,151,2,700
S043_F013,43,1,321,281,0,0
S043_F014,43,1,308,279,3,900
S043_F015,43,1,194,176,0,0
S043_F016,43,1,296,276,0,0
S043_F017,43,1,194,175,0,0
S043_F018,43,1,110,99,0,0
S043_F019,43,1,294,258,0,0
S044_F000,44,1,260,239,0,0
S044_F001,44,1,309,282,0,0
S044_F002,44,1,220,198,0,0
S044_F003,44,1,286,259,0,0
S044_F004,44,1,232,211,0,0
S044_F005,44,1,206,186,0,0
S044_F006,44,1,245,221,6,2300
S044_F007,44,1,107,93,0,0
S044_F008,44,1,117,104,0,0
S044_F009,44,1,230,205,0,0
S044_F010,44,1,314,285,0,0
S044_F011,44,1,204,185,3,600
S044_F012,44,1,109,93,0,0
S044_F013,44,1,142,127,0,0
S044_F014,44,1,307,266,0,0
S044_F015,44,1,121,114,0,0
S044_F016,44,1,179,164,0,0
S044_F017,44,1,137,124,3,900
S044_F018,44,1,288,262,0,0
S044_F019,44,1,200,174,0,0
S045_F000,45,1,257,233,0,0
S045_F001,45,1,155,145,0,0
S045_F002,45,1,232,200,0,0
S045_F003,45,1,284,258,4,1700
S045_F004,45,1,138,127,0,0
S045_F005,45,1,116,109,6,1500
S045_F006,45,1,279,252,0,0
S045_F007,45,1,195,171,0,0
S045_F008,45,1,285,262,6,1200
S045_F009,45,1,186,174,6,2000
S045_F010,45,1,104,93,0,0
S045_F011,45,1,139,125,0,0
S045_F012,45,1,196,167,0,0
S045_F013,45,1,302,281,15,5500
S045_F014,45,1,184,163,0,0
S045_F015,45,1,266,237,4,1100
S045_F016,45,1,170,153,0,0
S045_F017,45,1,145,132,0,0
S045_F018,45,1,311,282,0,0
S045_F019,45,1,273,241,0,0
S046_F000,46,1,246,218,0,0
S046_F001,46,1,168,152,0,0
S046_F002,46,1,176,161,0,0
S046_F003,46,1,331,293,5,1800
S046_F004,46,1,295,258,0,0
S046_F005,46,1,221,209,0,0
S046_F006,46,1,202,187,0,0
S046_F007,46,1,193,173,1,200
S046_F008,46,1,236,210,0,0
S046_F009,46,1,241,217,0,0
S046_F010,46,1,305,269,0,0
S046_F011,46,1,182,161,0,0
S046_F012,46,1,131,111,0,0
S046_F013,46,1,206,185,0,0
S046_F014,46,1,146,136,6,1200
S046_F015,46,1,318,288,5,1600
S046_F016,46,1,308,276,2,700
S046_F017,46,1,120,108,0,0
S046_F018,46,1,103,90,0,0
S046_F019,46,1,144,132,3,600
S047_F000,47,1,145,128,0,0
S047_F001,47,1,280,248,0,0
S047_F002,47,1,214,193,0,0
S047_F003,47,1,281,252,3,600
S047_F004,47,1,250,228,0,0
S047_F005,47,1,145,126,0,0
S047_F006,47,1,199,180,0,0
S047_F007,47,1,239,219,2,400
S047_F008,47,1,209,189,0,0
S047_F009,47,1,195,176,0,0
S047_F010,47,1,213,182,0,0
S047_F011,47,1,291,265,0,0
S047_F012,47,1,292,255,0,0
S047_F013,47,1,135,121,0,0
S047_F014,47,1,131,125,0,0
S047_F015,47,1,203,186,0,0
S047_F016,47,1,176,157,0,0
S047_F017,47,1,269,246,0,0
S047_F018,47,1,272,235,0,0
S047_F019,47,1,323,289,0,0
S048_F000,48,1,124,111,0,0
S048_F001,48,1,128,117,0,0
S048_F002,48,1,307,274,0,0
S048_F003,48,1,322,286,0,0
S048_F004,48,1,146,138,2,400
S048_F005,48,1,132,121,3,1200
S048_F006,48,1,337,303,3,1400
S048_F007,48,1,182,161,2,1000
S048_F008,48,1,228,197,0,0
S048_F009,48,1,175,158,0,0
S048_F010,48,1,270,237,0,0
S048_F011,48,1,132,120,0,0
S048_F012,48,1,183,168,0,0
S048_F013,48,1,236,218,0,0
S048_F014,48,1,112,100,0,0
S048_F015,48,1,272,253,0,0
S048_F016,48,1,315,291,8,3000
S048_F017,48,1,269,240,0,0
S048_F018,48,1,241,216,0,0
S048_F019,48,1,156,141,0,0
S049_F000,49,1,162,144,0,0
S049_F001,49,1,114,101,0,0
S049_F002,49,1,275,253,0,0
S049_F003,49,1,317,293,12,4400
S049_F004,49,1,303,276,0,0
S049_F005,49,1,282,254,0,0
S049_F006,49,1,245,222,6,2000
S049_F007,49,1,255,226,0,0
S049_F008,49,1,152,133,0,0
S049_F009,49,1,277,250,0,0
S049_F010,49,1,203,182,0,0
S049_F011,49,1,221,196,0,0
S049_F012,49,1,156,137,0,0
S049_F013,49,1,132,118,0,0
S049_F014,49,1,127,109,0,0
S049_F015,49,1,296,263,0,0
S049_F016,49,1,263,239,0,0
S049_F017,49,1,253,231,0,0
S049_F018,49,1,221,197,0,0
S049_F019,49,1,125,120,2,700
