event_id,scenario_id,flight_id,label
0::S000_F000,0,S000_F000,
0::S000_F001,0,S000_F001,
0::S000_F002,0,S000_F002,
0::S000_F003,0,S000_F003,
0::S000_F004,0,S000_F004,
0::S000_F005,0,S000_F005,
0::S000_F006,0,S000_F006,
0::S000_F007,0,S000_F007,
0::S000_F008,0,S000_F008,
0::S000_F009,0,S000_F009,
0::S000_F010,0,S000_F010,
0::S000_F011,0,S000_F011,
0::S000_F012,0,S000_F012,
0::S000_F013,0,S000_F013,
0::S000_F014,0,S000_F014,
0::S000_F015,0,S000_F015,
0::S000_F016,0,S000_F016,
0::S000_F017,0,S000_F017,
0::S000_F018,0,S000_F018,
0::S000_F019,0,S000_F019,
10::S010_F000,10,S010_F000,
10::S010_F001,10,S010_F001,
10::S010_F002,10,S010_F002,
10::S010_F003,10,S010_F003,
10::S010_F004,10,S010_F004,
10::S010_F005,10,S010_F005,
10::S010_F006,10,S010_F006,
10::S010_F007,10,S010_F007,
10::S010_F008,10,S010_F008,
10::S010_F009,10,S010_F009,
10::S010_F010,10,S010_F010,
10::S010_F011,10,S010_F011,
10::S010_F012,10,S010_F012,
10::S010_F013,10,S010_F013,
10::S010_F014,10,S010_F014,
10::S010_F015,10,S010_F015,
10::S010_F016,10,S010_F016,
10::S010_F017,10,S010_F017,
10::S010_F018,10,S010_F018,
10::S010_F019,10,S010_F019,
11::S011_F000,11,S011_F000,
11::S011_F001,11,S011_F001,
11::S011_F002,11,S011_F002,
11::S011_F003,11,S011_F003,
11::S011_F004,11,S011_F004,
11::S011_F005,11,S011_F005,
11::S011_F006,11,S011_F006,
11::S011_F007,11,S011_F007,
11::S011_F008,11,S011_F008,
11::S011_F009,11,S011_F009,
11::S011_F010,11,S011_F010,
11::S011_F011,11,S011_F011,
11::S011_F012,11,S011_F012,
11::S011_F013,11,S011_F013,
11::S011_F014,11,S011_F014,
11::S011_F015,11,S011_F015,
11::S011_F016,11,S011_F016,
11::S011_F017,11,S011_F017,
11::S011_F018,11,S011_F018,
11::S011_F019,11,S011_F019,
12::S012_F000,12,S012_F000,
12::S012_F001,12,S012_F001,
12::S012_F002,12,S012_F002,
12::S012_F003,12,S012_F003,
12::S012_F004,12,S012_F004,
12::S012_F005,12,S012_F005,
12::S012_F006,12,S012_F006,
12::S012_F007,12,S012_F007,
12::S012_F008,12,S012_F008,
12::S012_F009,12,S012_F009,
12::S012_F010,12,S012_F010,
12::S012_F011,12,S012_F011,
12::S012_F012,12,S012_F012,
12::S012_F013,12,S012_F013,
12::S012_F014,12,S012_F014,
12::S012_F015,12,S012_F015,
12::S012_F016,12,S012_F016,
12::S012_F017,12,S012_F017,
12::S012_F018,12,S012_F018,
12::S012_F019,12,S012_F019,
13::S013_F000,13,S013_F000,
13::S013_F001,13,S013_F001,
13::S013_F002,13,S013_F002,
13::S013_F003,13,S013_F003,
13::S013_F004,13,S013_F004,
13::S013_F005,13,S013_F005,
13::S013_F006,13,S013_F006,
13::S013_F007,13,S013_F007,
13::S013_F008,13,S013_F008,
13::S013_F009,13,S013_F009,
13::S013_F010,13,S013_F010,
13::S013_F011,13,S013_F011,
13::S013_F012,13,S013_F012,
13::S013_F013,13,S013_F013,
13::S013_F014,13,S013_F014,
13::S013_F015,13,S013_F015,
13::S013_F016,13,S013_F016,
13::S013_F017,13,S013_F017,
13::S013_F018,13,S013_F018,
13::S013_F019,13,S013_F019,
14::S014_F000,14,S014_F000,
14::S014_F001,14,S014_F001,
14::S014_F002,14,S014_F002,
14::S014_F003,14,S014_F003,
14::S014_F004,14,S014_F004,
14::S014_F005,14,S014_F005,
14::S014_F006,14,S014_F006,
14::S014_F007,14,S014_F007,
14::S014_F008,14,S014_F008,
14::S014_F009,14,S014_F009,
14::S014_F010,14,S014_F010,
14::S014_F011,14,S014_F011,
14::S014_F012,14,S014_F012,
14::S014_F013,14,S014_F013,
14::S014_F014,14,S014_F014,
14::S014_F015,14,S014_F015,
14::S014_F016,14,S014_F016,
14::S014_F017,14,S014_F017,
14::S014_F018,14,S014_F018,
14::S014_F019,14,S014_F019,
15::S015_F000,15,S015_F000,
15::S015_F001,15,S015_F001,
15::S015_F002,15,S015_F002,
15::S015_F003,15,S015_F003,
15::S015_F004,15,S015_F004,
15::S015_F005,15,S015_F005,
15::S015_F006,15,S015_F006,
15::S015_F007,15,S015_F007,
15::S015_F008,15,S015_F008,
15::S015_F009,15,S015_F009,
15::S015_F010,15,S015_F010,
15::S015_F011,15,S015_F011,
15::S015_F012,15,S015_F012,
15::S015_F013,15,S015_F013,
15::S015_F014,15,S015_F014,
15::S015_F015,15,S015_F015,
15::S015_F016,15,S015_F016,
15::S015_F017,15,S015_F017,
15::S015_F018,15,S015_F018,
15::S015_F019,15,S015_F019,
16::S016_F000,16,S016_F000,
16::S016_F001,16,S016_F001,
16::S016_F002,16,S016_F002,
16::S016_F003,16,S016_F003,
16::S016_F004,16,S016_F004,
16::S016_F005,16,S016_F005,
16::S016_F006,16,S016_F006,
16::S016_F007,16,S016_F007,
16::S016_F008,16,S016_F008,
16::S016_F009,16,S016_F009,
16::S016_F010,16,S016_F010,
16::S016_F011,16,S016_F011,
16::S016_F012,16,S016_F012,
16::S016_F013,16,S016_F013,
16::S016_F014,16,S016_F014,
16::S016_F015,16,S016_F015,
16::S016_F016,16,S016_F016,
16::S016_F017,16,S016_F017,
16::S016_F018,16,S016_F018,
16::S016_F019,16,S016_F019,
17::S017_F000,17,S017_F000,
17::S017_F001,17,S017_F001,
17::S017_F002,17,S017_F002,
17::S017_F003,17,S017_F003,
17::S017_F004,17,S017_F004,
17::S017_F005,17,S017_F005,
17::S017_F006,17,S017_F006,
17::S017_F007,17,S017_F007,
17::S017_F008,17,S017_F008,
17::S017_F009,17,S017_F009,
17::S017_F010,17,S017_F010,
17::S017_F011,17,S017_F011,
17::S017_F012,17,S017_F012,
17::S017_F013,17,S017_F013,
17::S017_F014,17,S017_F014,
17::S017_F015,17,S017_F015,
17::S017_F016,17,S017_F016,
17::S017_F017,17,S017_F017,
17::S017_F018,17,S017_F018,
17::S017_F019,17,S017_F019,
18::S018_F000,18,S018_F000,
18::S018_F001,18,S018_F001,
18::S018_F002,18,S018_F002,
18::S018_F003,18,S018_F003,
18::S018_F004,18,S018_F004,
18::S018_F005,18,S018_F005,
18::S018_F006,18,S018_F006,
18::S018_F007,18,S018_F007,
18::S018_F008,18,S018_F008,
18::S018_F009,18,S018_F009,
18::S018_F010,18,S018_F010,
18::S018_F011,18,S018_F011,
18::S018_F012,18,S018_F012,
18::S018_F013,18,S018_F013,
18::S018_F014,18,S018_F014,
18::S018_F015,18,S018_F015,
18::S018_F016,18,S018_F016,
18::S018_F017,18,S018_F017,
18::S018_F018,18,S018_F018,
18::S018_F019,18,S018_F019,
19::S019_F000,19,S019_F000,
19::S019_F001,19,S019_F001,
19::S019_F002,19,S019_F002,
19::S019_F003,19,S019_F003,
19::S019_F004,19,S019_F004,
19::S019_F005,19,S019_F005,
19::S019_F006,19,S019_F006,
19::S019_F007,19,S019_F007,
19::S019_F008,19,S019_F008,
19::S019_F009,19,S019_F009,
19::S019_F010,19,S019_F010,
19::S019_F011,19,S019_F011,
19::S019_F012,19,S019_F012,
19::S019_F013,19,S019_F013,
19::S019_F014,19,S019_F014,
19::S019_F015,19,S019_F015,
19::S019_F016,19,S019_F016,
19::S019_F017,19,S019_F017,
19::S019_F018,19,S019_F018,
19::S019_F019,19,S019_F019,
1::S001_F000,1,S001_F000,
1::S001_F001,1,S001_F001,
1::S001_F002,1,S001_F002,
1::S001_F003,1,S001_F003,
1::S001_F004,1,S001_F004,
1::S001_F005,1,S001_F005,
1::S001_F006,1,S001_F006,
1::S001_F007,1,S001_F007,
1::S001_F008,1,S001_F008,
1::S001_F009,1,S001_F009,
1::S001_F010,1,S001_F010,
1::S001_F011,1,S001_F011,
1::S001_F012,1,S001_F012,
1::S001_F013,1,S001_F013,
1::S001_F014,1,S001_F014,
1::S001_F015,1,S001_F015,
1::S001_F016,1,S001_F016,
1::S001_F017,1,S001_F017,
1::S001_F018,1,S001_F018,
1::S001_F019,1,S001_F019,
20::S020_F000,20,S020_F000,
20::S020_F001,20,S020_F001,
20::S020_F002,20,S020_F002,
20::S020_F003,20,S020_F003,
20::S020_F004,20,S020_F004,
20::S020_F005,20,S020_F005,
20::S020_F006,20,S020_F006,
20::S020_F007,20,S020_F007,
20::S020_F008,20,S020_F008,
20::S020_F009,20,S020_F009,
20::S020_F010,20,S020_F010,
20::S020_F011,20,S020_F011,
20::S020_F012,20,S020_F012,
20::S020_F013,20,S020_F013,
20::S020_F014,20,S020_F014,
20::S020_F015,20,S020_F015,
20::S020_F016,20,S020_F016,
20::S020_F017,20,S020_F017,
20::S020_F018,20,S020_F018,
20::S020_F019,20,S020_F019,
21::S021_F000,21,S021_F000,
21::S021_F001,21,S021_F001,
21::S021_F002,21,S021_F002,
21::S021_F003,21,S021_F003,
21::S021_F004,21,S021_F004,
21::S021_F005,21,S021_F005,
21::S021_F006,21,S021_F006,
21::S021_F007,21,S021_F007,
21::S021_F008,21,S021_F008,
21::S021_F009,21,S021_F009,
21::S021_F010,21,S021_F010,
21::S021_F011,21,S021_F011,
21::S021_F012,21,S021_F012,
21::S021_F013,21,S021_F013,
21::S021_F014,21,S021_F014,
21::S021_F015,21,S021_F015,
21::S021_F016,21,S021_F016,
21::S021_F017,21,S021_F017,
21::S021_F018,21,S021_F018,
21::S021_F019,21,S021_F019,
22::S022_F000,22,S022_F000,
22::S022_F001,22,S022_F001,
22::S022_F002,22,S022_F002,
22::S022_F003,22,S022_F003,
22::S022_F004,22,S022_F004,
22::S022_F005,22,S022_F005,
22::S022_F006,22,S022_F006,
22::S022_F007,22,S022_F007,
22::S022_F008,22,S022_F008,
22::S022_F009,22,S022_F009,
22::S022_F010,22,S022_F010,
22::S022_F011,22,S022_F011,
22::S022_F012,22,S022_F012,
22::S022_F013,22,S022_F013,
22::S022_F014,22,S022_F014,
22::S022_F015,22,S022_F015,
22::S022_F016,22,S022_F016,
22::S022_F017,22,S022_F017,
22::S022_F018,22,S022_F018,
22::S022_F019,22,S022_F019,
23::S023_F000,23,S023_F000,
23::S023_F001,23,S023_F001,
23::S023_F002,23,S023_F002,
23::S023_F003,23,S023_F003,
23::S023_F004,23,S023_F004,
23::S023_F005,23,S023_F005,
23::S023_F006,23,S023_F006,
23::S023_F007,23,S023_F007,
23::S023_F008,23,S023_F008,
23::S023_F009,23,S023_F009,
23::S023_F010,23,S023_F010,
23::S023_F011,23,S023_F011,
23::S023_F012,23,S023_F012,
23::S023_F013,23,S023_F013,
23::S023_F014,23,S023_F014,
23::S023_F015,23,S023_F015,
23::S023_F016,23,S023_F016,
23::S023_F017,23,S023_F017,
23::S023_F018,23,S023_F018,
23::S023_F019,23,S023_F019,
24::S024_F000,24,S024_F000,
24::S024_F001,24,S024_F001,
24::S024_F002,24,S024_F002,
24::S024_F003,24,S024_F003,
24::S024_F004,24,S024_F004,
24::S024_F005,24,S024_F005,
24::S024_F006,24,S024_F006,
24::S024_F007,24,S024_F007,
24::S024_F008,24,S024_F008,
24::S024_F009,24,S024_F009,
24::S024_F010,24,S024_F010,
24::S024_F011,24,S024_F011,
24::S024_F012,24,S024_F012,
24::S024_F013,24,S024_F013,
24::S024_F014,24,S024_F014,
24::S024_F015,24,S024_F015,
24::S024_F016,24,S024_F016,
24::S024_F017,24,S024_F017,
24::S024_F018,24,S024_F018,
24::S024_F019,24,S024_F019,
25::S025_F000,25,S025_F000,
25::S025_F001,25,S025_F001,
25::S025_F002,25,S025_F002,
25::S025_F003,25,S025_F003,
25::S025_F004,25,S025_F004,
25::S025_F005,25,S025_F005,
25::S025_F006,25,S025_F006,
25::S025_F007,25,S025_F007,
25::S025_F008,25,S025_F008,
25::S025_F009,25,S025_F009,
25::S025_F010,25,S025_F010,
25::S025_F011,25,S025_F011,
25::S025_F012,25,S025_F012,
25::S025_F013,25,S025_F013,
25::S025_F014,25,S025_F014,
25::S025_F015,25,S025_F015,
25::S025_F016,25,S025_F016,
25::S025_F017,25,S025_F017,
25::S025_F018,25,S025_F018,
25::S025_F019,25,S025_F019,
26::S026_F000,26,S026_F000,
26::S026_F001,26,S026_F001,
26::S026_F002,26,S026_F002,
26::S026_F003,26,S026_F003,
26::S026_F004,26,S026_F004,
26::S026_F005,26,S026_F005,
26::S026_F006,26,S026_F006,
26::S026_F007,26,S026_F007,
26::S026_F008,26,S026_F008,
26::S026_F009,26,S026_F009,
26::S026_F010,26,S026_F010,
26::S026_F011,26,S026_F011,
26::S026_F012,26,S026_F012,
26::S026_F013,26,S026_F013,
26::S026_F014,26,S026_F014,
26::S026_F015,26,S026_F015,
26::S026_F016,26,S026_F016,
26::S026_F017,26,S026_F017,
26::S026_F018,26,S026_F018,
26::S026_F019,26,S026_F019,
27::S027_F000,27,S027_F000,
27::S027_F001,27,S027_F001,
27::S027_F002,27,S027_F002,
27::S027_F003,27,S027_F003,
27::S027_F004,27,S027_F004,
27::S027_F005,27,S027_F005,
27::S027_F006,27,S027_F006,
27::S027_F007,27,S027_F007,
27::S027_F008,27,S027_F008,
27::S027_F009,27,S027_F009,
27::S027_F010,27,S027_F010,
27::S027_F011,27,S027_F011,
27::S027_F012,27,S027_F012,
27::S027_F013,27,S027_F013,
27::S027_F014,27,S027_F014,
27::S027_F015,27,S027_F015,
27::S027_F016,27,S027_F016,
27::S027_F017,27,S027_F017,
27::S027_F018,27,S027_F018,
27::S027_F019,27,S027_F019,
28::S028_F000,28,S028_F000,
28::S028_F001,28,S028_F001,
28::S028_F002,28,S028_F002,
28::S028_F003,28,S028_F003,
28::S028_F004,28,S028_F004,
28::S028_F005,28,S028_F005,
28::S028_F006,28,S028_F006,
28::S028_F007,28,S028_F007,
28::S028_F008,28,S028_F008,
28::S028_F009,28,S028_F009,
28::S028_F010,28,S028_F010,
28::S028_F011,28,S028_F011,
28::S028_F012,28,S028_F012,
28::S028_F013,28,S028_F013,
28::S028_F014,28,S028_F014,
28::S028_F015,28,S028_F015,
28::S028_F016,28,S028_F016,
28::S028_F017,28,S028_F017,
28::S028_F018,28,S028_F018,
28::S028_F019,28,S028_F019,
29::S029_F000,29,S029_F000,
29::S029_F001,29,S029_F001,
29::S029_F002,29,S029_F002,
29::S029_F003,29,S029_F003,
29::S029_F004,29,S029_F004,
29::S029_F005,29,S029_F005,
29::S029_F006,29,S029_F006,
29::S029_F007,29,S029_F007,
29::S029_F008,29,S029_F008,
29::S029_F009,29,S029_F009,
29::S029_F010,29,S029_F010,
29::S029_F011,29,S029_F011,
29::S029_F012,29,S029_F012,
29::S029_F013,29,S029_F013,
29::S029_F014,29,S029_F014,
29::S029_F015,29,S029_F015,
29::S029_F016,29,S029_F016,
29::S029_F017,29,S029_F017,
29::S029_F018,29,S029_F018,
29::S029_F019,29,S029_F019,
2::S002_F000,2,S002_F000,
2::S002_F001,2,S002_F001,
2::S002_F002,2,S002_F002,
2::S002_F003,2,S002_F003,
2::S002_F004,2,S002_F004,
2::S002_F005,2,S002_F005,
2::S002_F006,2,S002_F006,
2::S002_F007,2,S002_F007,
2::S002_F008,2,S002_F008,
2::S002_F009,2,S002_F009,
2::S002_F010,2,S002_F010,
2::S002_F011,2,S002_F011,
2::S002_F012,2,S002_F012,
2::S002_F013,2,S002_F013,
2::S002_F014,2,S002_F014,
2::S002_F015,2,S002_F015,
2::S002_F016,2,S002_F016,
2::S002_F017,2,S002_F017,
2::S002_F018,2,S002_F018,
2::S002_F019,2,S002_F019,
30::S030_F000,30,S030_F000,
30::S030_F001,30,S030_F001,
30::S030_F002,30,S030_F002,
30::S030_F003,30,S030_F003,
30::S030_F004,30,S030_F004,
30::S030_F005,30,S030_F005,
30::S030_F006,30,S030_F006,
30::S030_F007,30,S030_F007,
30::S030_F008,30,S030_F008,
30::S030_F009,30,S030_F009,
30::S030_F010,30,S030_F010,
30::S030_F011,30,S030_F011,
30::S030_F012,30,S030_F012,
30::S030_F013,30,S030_F013,
30::S030_F014,30,S030_F014,
30::S030_F015,30,S030_F015,
30::S030_F016,30,S030_F016,
30::S030_F017,30,S030_F017,
30::S030_F018,30,S030_F018,
30::S030_F019,30,S030_F019,
31::S031_F000,31,S031_F000,
31::S031_F001,31,S031_F001,
31::S031_F002,31,S031_F002,
31::S031_F003,31,S031_F003,
31::S031_F004,31,S031_F004,
31::S031_F005,31,S031_F005,
31::S031_F006,31,S031_F006,
31::S031_F007,31,S031_F007,
31::S031_F008,31,S031_F008,
31::S031_F009,31,S031_F009,
31::S031_F010,31,S031_F010,
31::S031_F011,31,S031_F011,
31::S031_F012,31,S031_F012,
31::S031_F013,31,S031_F013,
31::S031_F014,31,S031_F014,
31::S031_F015,31,S031_F015,
31::S031_F016,31,S031_F016,
31::S031_F017,31,S031_F017,
31::S031_F018,31,S031_F018,
31::S031_F019,31,S031_F019,
32::S032_F000,32,S032_F000,
32::S032_F001,32,S032_F001,
32::S032_F002,32,S032_F002,
32::S032_F003,32,S032_F003,
32::S032_F004,32,S032_F004,
32::S032_F005,32,S032_F005,
32::S032_F006,32,S032_F006,
32::S032_F007,32,S032_F007,
32::S032_F008,32,S032_F008,
32::S032_F009,32,S032_F009,
32::S032_F010,32,S032_F010,
32::S032_F011,32,S032_F011,
32::S032_F012,32,S032_F012,
32::S032_F013,32,S032_F013,
32::S032_F014,32,S032_F014,
32::S032_F015,32,S032_F015,
32::S032_F016,32,S032_F016,
32::S032_F017,32,S032_F017,
32::S032_F018,32,S032_F018,
32::S032_F019,32,S032_F019,
33::S033_F000,33,S033_F000,
33::S033_F001,33,S033_F001,
33::S033_F002,33,S033_F002,
33::S033_F003,33,S033_F003,
33::S033_F004,33,S033_F004,
33::S033_F005,33,S033_F005,
33::S033_F006,33,S033_F006,
33::S033_F007,33,S033_F007,
33::S033_F008,33,S033_F008,
33::S033_F009,33,S033_F009,
33::S033_F010,33,S033_F010,
33::S033_F011,33,S033_F011,
33::S033_F012,33,S033_F012,
33::S033_F013,33,S033_F013,
33::S033_F014,33,S033_F014,
33::S033_F015,33,S033_F015,
33::S033_F016,33,S033_F016,
33::S033_F017,33,S033_F017,
33::S033_F018,33,S033_F018,
33::S033_F019,33,S033_F019,
34::S034_F000,34,S034_F000,
34::S034_F001,34,S034_F001,
34::S034_F002,34,S034_F002,
34::S034_F003,34,S034_F003,
34::S034_F004,34,S034_F004,
34::S034_F005,34,S034_F005,
34::S034_F006,34,S034_F006,
34::S034_F007,34,S034_F007,
34::S034_F008,34,S034_F008,
34::S034_F009,34,S034_F009,
34::S034_F010,34,S034_F010,
34::S034_F011,34,S034_F011,
34::S034_F012,34,S034_F012,
34::S034_F013,34,S034_F013,
34::S034_F014,34,S034_F014,
34::S034_F015,34,S034_F015,
34::S034_F016,34,S034_F016,
34::S034_F017,34,S034_F017,
34::S034_F018,34,S034_F018,
34::S034_F019,34,S034_F019,
35::S035_F000,35,S035_F000,
35::S035_F001,35,S035_F001,
35::S035_F002,35,S035_F002,
35::S035_F003,35,S035_F003,
35::S035_F004,35,S035_F004,
35::S035_F005,35,S035_F005,
35::S035_F006,35,S035_F006,
35::S035_F007,35,S035_F007,
35::S035_F008,35,S035_F008,
35::S035_F009,35,S035_F009,
35::S035_F010,35,S035_F010,
35::S035_F011,35,S035_F011,
35::S035_F012,35,S035_F012,
35::S035_F013,35,S035_F013,
35::S035_F014,35,S035_F014,
35::S035_F015,35,S035_F015,
35::S035_F016,35,S035_F016,
35::S035_F017,35,S035_F017,
35::S035_F018,35,S035_F018,
35::S035_F019,35,S035_F019,
36::S036_F000,36,S036_F000,
36::S036_F001,36,S036_F001,
36::S036_F002,36,S036_F002,
36::S036_F003,36,S036_F003,
36::S036_F004,36,S036_F004,
36::S036_F005,36,S036_F005,
36::S036_F006,36,S036_F006,
36::S036_F007,36,S036_F007,
36::S036_F008,36,S036_F008,
36::S036_F009,36,S036_F009,
36::S036_F010,36,S036_F010,
36::S036_F011,36,S036_F011,
36::S036_F012,36,S036_F012,
36::S036_F013,36,S036_F013,
36::S036_F014,36,S036_F014,
36::S036_F015,36,S036_F015,
36::S036_F016,36,S036_F016,
36::S036_F017,36,S036_F017,
36::S036_F018,36,S036_F018,
36::S036_F019,36,S036_F019,
37::S037_F000,37,S037_F000,
37::S037_F001,37,S037_F001,
37::S037_F002,37,S037_F002,
37::S037_F003,37,S037_F003,
37::S037_F004,37,S037_F004,
37::S037_F005,37,S037_F005,
37::S037_F006,37,S037_F006,
37::S037_F007,37,S037_F007,
37::S037_F008,37,S037_F008,
37::S037_F009,37,S037_F009,
37::S037_F010,37,S037_F010,
37::S037_F011,37,S037_F011,
37::S037_F012,37,S037_F012,
37::S037_F013,37,S037_F013,
37::S037_F014,37,S037_F014,
37::S037_F015,37,S037_F015,
37::S037_F016,37,S037_F016,
37::S037_F017,37,S037_F017,
37::S037_F018,37,S037_F018,
37::S037_F019,37,S037_F019,
38::S038_F000,38,S038_F000,
38::S038_F001,38,S038_F001,
38::S038_F002,38,S038_F002,
38::S038_F003,38,S038_F003,
38::S038_F004,38,S038_F004,
38::S038_F005,38,S038_F005,
38::S038_F006,38,S038_F006,
38::S038_F007,38,S038_F007,
38::S038_F008,38,S038_F008,
38::S038_F009,38,S038_F009,
38::S038_F010,38,S038_F010,
38::S038_F011,38,S038_F011,
38::S038_F012,38,S038_F012,
38::S038_F013,38,S038_F013,
38::S038_F014,38,S038_F014,
38::S038_F015,38,S038_F015,
38::S038_F016,38,S038_F016,
38::S038_F017,38,S038_F017,
38::S038_F018,38,S038_F018,
38::S038_F019,38,S038_F019,
39::S039_F000,39,S039_F000,
39::S039_F001,39,S039_F001,
39::S039_F002,39,S039_F002,
39::S039_F003,39,S039_F003,
39::S039_F004,39,S039_F004,
39::S039_F005,39,S039_F005,
39::S039_F006,39,S039_F006,
39::S039_F007,39,S039_F007,
39::S039_F008,39,S039_F008,
39::S039_F009,39,S039_F009,
39::S039_F010,39,S039_F010,
39::S039_F011,39,S039_F011,
39::S039_F012,39,S039_F012,
39::S039_F013,39,S039_F013,
39::S039_F014,39,S039_F014,
39::S039_F015,39,S039_F015,
39::S039_F016,39,S039_F016,
39::S039_F017,39,S039_F017,
39::S039_F018,39,S039_F018,
39::S039_F019,39,S039_F019,
3::S003_F000,3,S003_F000,
3::S003_F001,3,S003_F001,
3::S003_F002,3,S003_F002,
3::S003_F003,3,S003_F003,
3::S003_F004,3,S003_F004,
3::S003_F005,3,S003_F005,
3::S003_F006,3,S003_F006,
3::S003_F007,3,S003_F007,
3::S003_F008,3,S003_F008,
3::S003_F009,3,S003_F009,
3::S003_F010,3,S003_F010,
3::S003_F011,3,S003_F011,
3::S003_F012,3,S003_F012,
3::S003_F013,3,S003_F013,
3::S003_F014,3,S003_F014,
3::S003_F015,3,S003_F015,
3::S003_F016,3,S003_F016,
3::S003_F017,3,S003_F017,
3::S003_F018,3,S003_F018,
3::S003_F019,3,S003_F019,
40::S040_F000,40,S040_F000,
40::S040_F001,40,S040_F001,
40::S040_F002,40,S040_F002,
40::S040_F003,40,S040_F003,
40::S040_F004,40,S040_F004,
40::S040_F005,40,S040_F005,
40::S040_F006,40,S040_F006,
40::S040_F007,40,S040_F007,
40::S040_F008,40,S040_F008,
40::S040_F009,40,S040_F009,
40::S040_F010,40,S040_F010,
40::S040_F011,40,S040_F011,
40::S040_F012,40,S040_F012,
40::S040_F013,40,S040_F013,
40::S040_F014,40,S040_F014,
40::S040_F015,40,S040_F015,
40::S040_F016,40,S040_F016,
40::S040_F017,40,S040_F017,
40::S040_F018,40,S040_F018,
40::S040_F019,40,S040_F019,
41::S041_F000,41,S041_F000,
41::S041_F001,41,S041_F001,
41::S041_F002,41,S041_F002,
41::S041_F003,41,S041_F003,
41::S041_F004,41,S041_F004,
41::S041_F005,41,S041_F005,
41::S041_F006,41,S041_F006,
41::S041_F007,41,S041_F007,
41::S041_F008,41,S041_F008,
41::S041_F009,41,S041_F009,
41::S041_F010,41,S041_F010,
41::S041_F011,41,S041_F011,
41::S041_F012,41,S041_F012,
41::S041_F013,41,S041_F013,
41::S041_F014,41,S041_F014,
41::S041_F015,41,S041_F015,
41::S041_F016,41,S041_F016,
41::S041_F017,41,S041_F017,
41::S041_F018,41,S041_F018,
41::S041_F019,41,S041_F019,
42::S042_F000,42,S042_F000,
42::S042_F001,42,S042_F001,
42::S042_F002,42,S042_F002,
42::S042_F003,42,S042_F003,
42::S042_F004,42,S042_F004,
42::S042_F005,42,S042_F005,
42::S042_F006,42,S042_F006,
42::S042_F007,42,S042_F007,
42::S042_F008,42,S042_F008,
42::S042_F009,42,S042_F009,
42::S042_F010,42,S042_F010,
42::S042_F011,42,S042_F011,
42::S042_F012,42,S042_F012,
42::S042_F013,42,S042_F013,
42::S042_F014,42,S042_F014,
42::S042_F015,42,S042_F015,
42::S042_F016,42,S042_F016,
42::S042_F017,42,S042_F017,
42::S042_F018,42,S042_F018,
42::S042_F019,42,S042_F019,
43::S043_F000,43,S043_F000,
43::S043_F001,43,S043_F001,
43::S043_F002,43,S043_F002,
43::S043_F003,43,S043_F003,
43::S043_F004,43,S043_F004,
43::S043_F005,43,S043_F005,
43::S043_F006,43,S043_F006,
43::S043_F007,43,S043_F007,
43::S043_F008,43,S043_F008,
43::S043_F009,43,S043_F009,
43::S043_F010,43,S043_F010,
43::S043_F011,43,S043_F011,
43::S043_F012,43,S043_F012,
43::S043_F013,43,S043_F013,
43::S043_F014,43,S043_F014,
43::S043_F015,43,S043_F015,
43::S043_F016,43,S043_F016,
43::S043_F017,43,S043_F017,
43::S043_F018,43,S043_F018,
43::S043_F019,43,S043_F019,
44::S044_F000,44,S044_F000,
44::S044_F001,44,S044_F001,
44::S044_F002,44,S044_F002,
44::S044_F003,44,S044_F003,
44::S044_F004,44,S044_F004,
44::S044_F005,44,S044_F005,
44::S044_F006,44,S044_F006,
44::S044_F007,44,S044_F007,
44::S044_F008,44,S044_F008,
44::S044_F009,44,S044_F009,
44::S044_F010,44,S044_F010,
44::S044_F011,44,S044_F011,
44::S044_F012,44,S044_F012,
44::S044_F013,44,S044_F013,
44::S044_F014,44,S044_F014,
44::S044_F015,44,S044_F015,
44::S044_F016,44,S044_F016,
44::S044_F017,44,S044_F017,
44::S044_F018,44,S044_F018,
44::S044_F019,44,S044_F019,
45::S045_F000,45,S045_F000,
45::S045_F001,45,S045_F001,
45::S045_F002,45,S045_F002,
45::S045_F003,45,S045_F003,
45::S045_F004,45,S045_F004,
45::S045_F005,45,S045_F005,
45::S045_F006,45,S045_F006,
45::S045_F007,45,S045_F007,
45::S045_F008,45,S045_F008,
45::S045_F009,45,S045_F009,
45::S045_F010,45,S045_F010,
45::S045_F011,45,S045_F011,
45::S045_F012,45,S045_F012,
45::S045_F013,45,S045_F013,
45::S045_F014,45,S045_F014,
45::S045_F015,45,S045_F015,
45::S045_F016,45,S045_F016,
45::S045_F017,45,S045_F017,
45::S045_F018,45,S045_F018,
45::S045_F019,45,S045_F019,
46::S046_F000,46,S046_F000,
46::S046_F001,46,S046_F001,
46::S046_F002,46,S046_F002,
46::S046_F003,46,S046_F003,
46::S046_F004,46,S046_F004,
46::S046_F005,46,S046_F005,
46::S046_F006,46,S046_F006,
46::S046_F007,46,S046_F007,
46::S046_F008,46,S046_F008,
46::S046_F009,46,S046_F009,
46::S046_F010,46,S046_F010,
46::S046_F011,46,S046_F011,
46::S046_F012,46,S046_F012,
46::S046_F013,46,S046_F013,
46::S046_F014,46,S046_F014,
46::S046_F015,46,S046_F015,
46::S046_F016,46,S046_F016,
46::S046_F017,46,S046_F017,
46::S046_F018,46,S046_F018,
46::S046_F019,46,S046_F019,
47::S047_F000,47,S047_F000,
47::S047_F001,47,S047_F001,
47::S047_F002,47,S047_F002,
47::S047_F003,47,S047_F003,
47::S047_F004,47,S047_F004,
47::S047_F005,47,S047_F005,
47::S047_F006,47,S047_F006,
47::S047_F007,47,S047_F007,
47::S047_F008,47,S047_F008,
47::S047_F009,47,S047_F009,
47::S047_F010,47,S047_F010,
47::S047_F011,47,S047_F011,
47::S047_F012,47,S047_F012,
47::S047_F013,47,S047_F013,
47::S047_F014,47,S047_F014,
47::S047_F015,47,S047_F015,
47::S047_F016,47,S047_F016,
47::S047_F017,47,S047_F017,
47::S047_F018,47,S047_F018,
47::S047_F019,47,S047_F019,
48::S048_F000,48,S048_F000,
48::S048_F001,48,S048_F001,
48::S048_F002,48,S048_F002,
48::S048_F003,48,S048_F003,
48::S048_F004,48,S048_F004,
48::S048_F005,48,S048_F005,
48::S048_F006,48,S048_F006,
48::S048_F007,48,S048_F007,
48::S048_F008,48,S048_F008,
48::S048_F009,48,S048_F009,
48::S048_F010,48,S048_F010,
48::S048_F011,48,S048_F011,
48::S048_F012,48,S048_F012,
48::S048_F013,48,S048_F013,
48::S048_F014,48,S048_F014,
48::S048_F015,48,S048_F015,
48::S048_F016,48,S048_F016,
48::S048_F017,48,S048_F017,
48::S048_F018,48,S048_F018,
48::S048_F019,48,S048_F019,
49::S049_F000,49,S049_F000,
49::S049_F001,49,S049_F001,
49::S049_F002,49,S049_F002,
49::S049_F003,49,S049_F003,
49::S049_F004,49,S049_F004,
49::S049_F005,49,S049_F005,
49::S049_F006,49,S049_F006,
49::S049_F007,49,S049_F007,
49::S049_F008,49,S049_F008,
49::S049_F009,49,S049_F009,
49::S049_F010,49,S049_F010,
49::S049_F011,49,S049_F011,
49::S049_F012,49,S049_F012,
49::S049_F013,49,S049_F013,
49::S049_F014,49,S049_F014,
49::S049_F015,49,S049_F015,
49::S049_F016,49,S049_F016,
49::S049_F017,49,S049_F017,
49::S049_F018,49,S049_F018,
49::S049_F019,49,S049_F019,
4::S004_F000,4,S004_F000,
4::S004_F001,4,S004_F001,
4::S004_F002,4,S004_F002,
4::S004_F003,4,S004_F003,
4::S004_F004,4,S004_F004,
4::S004_F005,4,S004_F005,
4::S004_F006,4,S004_F006,
4::S004_F007,4,S004_F007,
4::S004_F008,4,S004_F008,
4::S004_F009,4,S004_F009,
4::S004_F010,4,S004_F010,
4::S004_F011,4,S004_F011,
4::S004_F012,4,S004_F012,
4::S004_F013,4,S004_F013,
4::S004_F014,4,S004_F014,
4::S004_F015,4,S004_F015,
4::S004_F016,4,S004_F016,
4::S004_F017,4,S004_F017,
4::S004_F018,4,S004_F018,
4::S004_F019,4,S004_F019,
5::S005_F000,5,S005_F000,
5::S005_F001,5,S005_F001,
5::S005_F002,5,S005_F002,
5::S005_F003,5,S005_F003,
5::S005_F004,5,S005_F004,
5::S005_F005,5,S005_F005,
5::S005_F006,5,S005_F006,
5::S005_F007,5,S005_F007,
5::S005_F008,5,S005_F008,
5::S005_F009,5,S005_F009,
5::S005_F010,5,S005_F010,
5::S005_F011,5,S005_F011,
5::S005_F012,5,S005_F012,
5::S005_F013,5,S005_F013,
5::S005_F014,5,S005_F014,
5::S005_F015,5,S005_F015,
5::S005_F016,5,S005_F016,
5::S005_F017,5,S005_F017,
5::S005_F018,5,S005_F018,
5::S005_F019,5,S005_F019,
6::S006_F000,6,S006_F000,
6::S006_F001,6,S006_F001,
6::S006_F002,6,S006_F002,
6::S006_F003,6,S006_F003,
6::S006_F004,6,S006_F004,
6::S006_F005,6,S006_F005,
6::S006_F006,6,S006_F006,
6::S006_F007,6,S006_F007,
6::S006_F008,6,S006_F008,
6::S006_F009,6,S006_F009,
6::S006_F010,6,S006_F010,
6::S006_F011,6,S006_F011,
6::S006_F012,6,S006_F012,
6::S006_F013,6,S006_F013,
6::S006_F014,6,S006_F014,
6::S006_F015,6,S006_F015,
6::S006_F016,6,S006_F016,
6::S006_F017,6,S006_F017,
6::S006_F018,6,S006_F018,
6::S006_F019,6,S006_F019,
7::S007_F000,7,S007_F000,
7::S007_F001,7,S007_F001,
7::S007_F002,7,S007_F002,
7::S007_F003,7,S007_F003,
7::S007_F004,7,S007_F004,
7::S007_F005,7,S007_F005,
7::S007_F006,7,S007_F006,
7::S007_F007,7,S007_F007,
7::S007_F008,7,S007_F008,
7::S007_F009,7,S007_F009,
7::S007_F010,7,S007_F010,
7::S007_F011,7,S007_F011,
7::S007_F012,7,S007_F012,
7::S007_F013,7,S007_F013,
7::S007_F014,7,S007_F014,
7::S007_F015,7,S007_F015,
7::S007_F016,7,S007_F016,
7::S007_F017,7,S007_F017,
7::S007_F018,7,S007_F018,
7::S007_F019,7,S007_F019,
8::S008_F000,8,S008_F000,
8::S008_F001,8,S008_F001,
8::S008_F002,8,S008_F002,
8::S008_F003,8,S008_F003,
8::S008_F004,8,S008_F004,
8::S008_F005,8,S008_F005,
8::S008_F006,8,S008_F006,
8::S008_F007,8,S008_F007,
8::S008_F008,8,S008_F008,
8::S008_F009,8,S008_F009,
8::S008_F010,8,S008_F010,
8::S008_F011,8,S008_F011,
8::S008_F012,8,S008_F012,
8::S008_F013,8,S008_F013,
8::S008_F014,8,S008_F014,
8::S008_F015,8,S008_F015,
8::S008_F016,8,S008_F016,
8::S008_F017,8,S008_F017,
8::S008_F018,8,S008_F018,
8::S008_F019,8,S008_F019,
9::S009_F000,9,S009_F000,
9::S009_F001,9,S009_F001,
9::S009_F002,9,S009_F002,
9::S009_F003,9,S009_F003,
9::S009_F004,9,S009_F004,
9::S009_F005,9,S009_F005,
9::S009_F006,9,S009_F006,
9::S009_F007,9,S009_F007,
9::S009_F008,9,S009_F008,
9::S009_F009,9,S009_F009,
9::S009_F010,9,S009_F010,
9::S009_F011,9,S009_F011,
9::S009_F012,9,S009_F012,
9::S009_F013,9,S009_F013,
9::S009_F014,9,S009_F014,
9::S009_F015,9,S009_F015,
9::S009_F016,9,S009_F016,
9::S009_F017,9,S009_F017,
9::S009_F018,9,S009_F018,
9::S009_F019,9,S009_F019,
