scenario_id,policy,flight_id,capacity,booked,showed_up,bumped,cost
0,RandomPolicy,S000_F000,263,267,243,0,0
0,RandomPolicy,S000_F001,194,198,177,0,0
0,RandomPolicy,S000_F002,133,148,130,0,0
0,RandomPolicy,S000_F003,264,289,262,0,0
0,RandomPolicy,S000_F004,204,223,202,0,0
0,RandomPolicy,S000_F005,217,220,203,0,0
0,RandomPolicy,S000_F006,165,184,168,3,1200
0,RandomPolicy,S000_F007,293,318,283,0,0
0,RandomPolicy,S000_F008,155,177,162,7,2000
0,RandomPolicy,S000_F009,141,143,130,0,0
0,RandomPolicy,S000_F010,102,102,88,0,0
0,RandomPolicy,S000_F011,148,152,137,0,0
0,RandomPolicy,S000_F012,264,298,277,13,4000
0,RandomPolicy,S000_F013,141,157,139,0,0
0,RandomPolicy,S000_F014,243,268,233,0,0
0,RandomPolicy,S000_F015,219,227,208,0,0
0,RandomPolicy,S000_F016,208,208,183,0,0
0,RandomPolicy,S000_F017,197,226,204,7,2500
0,RandomPolicy,S000_F018,128,130,119,0,0
0,RandomPolicy,S000_F019,197,210,187,0,0
1,RandomPolicy,S001_F000,111,126,116,5,2100
1,RandomPolicy,S001_F001,201,224,201,0,0
1,RandomPolicy,S001_F002,135,145,134,0,0
1,RandomPolicy,S001_F003,231,235,208,0,0
1,RandomPolicy,S001_F004,101,108,95,0,0
1,RandomPolicy,S001_F005,297,336,302,5,2100
1,RandomPolicy,S001_F006,167,187,170,3,600
1,RandomPolicy,S001_F007,282,301,272,0,0
1,RandomPolicy,S001_F008,179,192,178,0,0
1,RandomPolicy,S001_F009,206,219,198,0,0
1,RandomPolicy,S001_F010,187,210,187,0,0
1,RandomPolicy,S001_F011,167,174,162,0,0
1,RandomPolicy,S001_F012,197,205,184,0,0
1,RandomPolicy,S001_F013,278,310,280,2,700
1,RandomPolicy,S001_F014,168,183,162,0,0
1,RandomPolicy,S001_F015,261,296,275,14,4200
1,RandomPolicy,S001_F016,162,175,161,0,0
1,RandomPolicy,S001_F017,293,298,263,0,0
1,RandomPolicy,S001_F018,258,281,250,0,0
1,RandomPolicy,S001_F019,186,197,179,0,0
2,RandomPolicy,S002_F000,170,190,166,0,0
2,RandomPolicy,S002_F001,225,240,216,0,0
2,RandomPolicy,S002_F002,259,269,245,0,0
2,RandomPolicy,S002_F003,238,257,229,0,0
2,RandomPolicy,S002_F004,196,200,189,0,0
2,RandomPolicy,S002_F005,298,299,271,0,0
2,RandomPolicy,S002_F006,246,258,233,0,0
2,RandomPolicy,S002_F007,100,107,91,0,0
2,RandomPolicy,S002_F008,246,268,240,0,0
2,RandomPolicy,S002_F009,107,109,101,0,0
2,RandomPolicy,S002_F010,228,254,220,0,0
2,RandomPolicy,S002_F011,296,317,279,0,0
2,RandomPolicy,S002_F012,155,164,149,0,0
2,RandomPolicy,S002_F013,140,150,131,0,0
2,RandomPolicy,S002_F014,158,159,143,0,0
2,RandomPolicy,S002_F015,126,131,115,0,0
2,RandomPolicy,S002_F016,275,287,254,0,0
2,RandomPolicy,S002_F017,151,165,149,0,0
2,RandomPolicy,S002_F018,294,316,289,0,0
2,RandomPolicy,S002_F019,181,181,165,0,0
3,RandomPolicy,S003_F000,193,220,193,0,0
3,RandomPolicy,S003_F001,107,119,107,0,0
3,RandomPolicy,S003_F002,265,280,254,0,0
3,RandomPolicy,S003_F003,171,171,148,0,0
3,RandomPolicy,S003_F004,119,119,109,0,0
3,RandomPolicy,S003_F005,104,114,102,0,0
3,RandomPolicy,S003_F006,119,119,108,0,0
3,RandomPolicy,S003_F007,219,246,217,0,0
3,RandomPolicy,S003_F008,171,185,162,0,0
3,RandomPolicy,S003_F009,243,266,234,0,0
3,RandomPolicy,S003_F010,176,188,164,0,0
3,RandomPolicy,S003_F011,290,316,280,0,0
3,RandomPolicy,S003_F012,216,243,215,0,0
3,RandomPolicy,S003_F013,212,237,213,1,200
3,RandomPolicy,S003_F014,229,249,218,0,0
3,RandomPolicy,S003_F015,198,212,184,0,0
3,RandomPolicy,S003_F016,120,124,110,0,0
3,RandomPolicy,S003_F017,215,244,214,0,0
3,RandomPolicy,S003_F018,229,255,229,0,0
3,RandomPolicy,S003_F019,217,227,199,0,0
4,RandomPolicy,S004_F000,273,308,289,16,5900
4,RandomPolicy,S004_F001,153,156,135,0,0
4,RandomPolicy,S004_F002,202,203,184,0,0
4,RandomPolicy,S004_F003,256,272,242,0,0
4,RandomPolicy,S004_F004,249,266,236,0,0
4,RandomPolicy,S004_F005,128,146,129,1,500
4,RandomPolicy,S004_F006,266,297,274,8,2200
4,RandomPolicy,S004_F007,209,209,186,0,0
4,RandomPolicy,S004_F008,262,269,246,0,0
4,RandomPolicy,S004_F009,173,197,179,6,1800
4,RandomPolicy,S004_F010,202,217,196,0,0
4,RandomPolicy,S004_F011,100,105,98,0,0
4,RandomPolicy,S004_F012,209,212,186,0,0
4,RandomPolicy,S004_F013,292,314,264,0,0
4,RandomPolicy,S004_F014,150,158,141,0,0
4,RandomPolicy,S004_F015,285,295,266,0,0
4,RandomPolicy,S004_F016,151,172,155,4,1100
4,RandomPolicy,S004_F017,188,190,171,0,0
4,RandomPolicy,S004_F018,164,187,168,4,1900
4,RandomPolicy,S004_F019,107,118,106,0,0
5,RandomPolicy,S005_F000,127,136,123,0,0
5,RandomPolicy,S005_F001,213,237,212,0,0
5,RandomPolicy,S005_F002,186,206,185,0,0
5,RandomPolicy,S005_F003,168,182,164,0,0
5,RandomPolicy,S005_F004,274,310,286,12,3300
5,RandomPolicy,S005_F005,211,211,194,0,0
5,RandomPolicy,S005_F006,205,223,195,0,0
5,RandomPolicy,S005_F007,203,229,213,10,2600
5,RandomPolicy,S005_F008,227,245,230,3,900
5,RandomPolicy,S005_F009,220,247,227,7,2200
5,RandomPolicy,S005_F010,201,211,189,0,0
5,RandomPolicy,S005_F011,299,305,281,0,0
5,RandomPolicy,S005_F012,115,125,113,0,0
5,RandomPolicy,S005_F013,279,282,254,0,0
5,RandomPolicy,S005_F014,110,121,112,2,400
5,RandomPolicy,S005_F015,122,126,111,0,0
5,RandomPolicy,S005_F016,238,250,217,0,0
5,RandomPolicy,S005_F017,113,128,111,0,0
5,RandomPolicy,S005_F018,128,144,131,3,1200
5,RandomPolicy,S005_F019,189,214,189,0,0
6,RandomPolicy,S006_F000,116,119,110,0,0
6,RandomPolicy,S006_F001,235,241,216,0,0
6,RandomPolicy,S006_F002,182,189,172,0,0
6,RandomPolicy,S006_F003,101,106,103,2,400
6,RandomPolicy,S006_F004,154,163,149,0,0
6,RandomPolicy,S006_F005,176,184,164,0,0
6,RandomPolicy,S006_F006,126,126,116,0,0
6,RandomPolicy,S006_F007,239,263,241,2,400
6,RandomPolicy,S006_F008,287,316,283,0,0
6,RandomPolicy,S006_F009,117,133,116,0,0
6,RandomPolicy,S006_F010,210,226,207,0,0
6,RandomPolicy,S006_F011,288,315,288,0,0
6,RandomPolicy,S006_F012,184,192,178,0,0
6,RandomPolicy,S006_F013,100,107,90,0,0
6,RandomPolicy,S006_F014,183,209,196,13,3800
6,RandomPolicy,S006_F015,247,270,242,0,0
6,RandomPolicy,S006_F016,225,247,222,0,0
6,RandomPolicy,S006_F017,188,188,170,0,0
6,RandomPolicy,S006_F018,133,140,125,0,0
6,RandomPolicy,S006_F019,299,316,283,0,0
7,RandomPolicy,S007_F000,271,302,278,7,2000
7,RandomPolicy,S007_F001,101,115,101,0,0
7,RandomPolicy,S007_F002,180,201,182,2,1200
7,RandomPolicy,S007_F003,180,201,182,2,1000
7,RandomPolicy,S007_F004,104,111,98,0,0
7,RandomPolicy,S007_F005,274,277,247,0,0
7,RandomPolicy,S007_F006,132,132,110,0,0
7,RandomPolicy,S007_F007,214,214,189,0,0
7,RandomPolicy,S007_F008,180,184,172,0,0
7,RandomPolicy,S007_F009,112,125,111,0,0
7,RandomPolicy,S007_F010,269,306,282,13,4900
7,RandomPolicy,S007_F011,126,137,120,0,0
7,RandomPolicy,S007_F012,230,245,219,0,0
7,RandomPolicy,S007_F013,180,192,161,0,0
7,RandomPolicy,S007_F014,226,249,229,3,600
7,RandomPolicy,S007_F015,121,126,115,0,0
7,RandomPolicy,S007_F016,129,138,122,0,0
7,RandomPolicy,S007_F017,265,287,259,0,0
7,RandomPolicy,S007_F018,155,160,143,0,0
7,RandomPolicy,S007_F019,105,110,101,0,0
8,RandomPolicy,S008_F000,174,189,171,0,0
8,RandomPolicy,S008_F001,188,207,187,0,0
8,RandomPolicy,S008_F002,270,290,251,0,0
8,RandomPolicy,S008_F003,286,300,269,0,0
8,RandomPolicy,S008_F004,299,303,272,0,0
8,RandomPolicy,S008_F005,106,115,108,2,400
8,RandomPolicy,S008_F006,161,180,165,4,1100
8,RandomPolicy,S008_F007,100,102,86,0,0
8,RandomPolicy,S008_F008,276,286,264,0,0
8,RandomPolicy,S008_F009,171,187,170,0,0
8,RandomPolicy,S008_F010,105,120,108,3,1200
8,RandomPolicy,S008_F011,188,197,171,0,0
8,RandomPolicy,S008_F012,284,284,257,0,0
8,RandomPolicy,S008_F013,185,188,174,0,0
8,RandomPolicy,S008_F014,282,291,260,0,0
8,RandomPolicy,S008_F015,150,158,145,0,0
8,RandomPolicy,S008_F016,145,151,141,0,0
8,RandomPolicy,S008_F017,223,255,219,0,0
8,RandomPolicy,S008_F018,109,116,103,0,0
8,RandomPolicy,S008_F019,258,271,243,0,0
9,RandomPolicy,S009_F000,251,282,262,11,4700
9,RandomPolicy,S009_F001,255,271,246,0,0
9,RandomPolicy,S009_F002,218,218,197,0,0
9,RandomPolicy,S009_F003,151,155,141,0,0
9,RandomPolicy,S009_F004,296,311,285,0,0
9,RandomPolicy,S009_F005,183,201,180,0,0
9,RandomPolicy,S009_F006,280,290,257,0,0
9,RandomPolicy,S009_F007,228,256,226,0,0
9,RandomPolicy,S009_F008,211,228,201,0,0
9,RandomPolicy,S009_F009,204,221,199,0,0
9,RandomPolicy,S009_F010,174,179,165,0,0
9,RandomPolicy,S009_F011,107,122,111,4,1600
9,RandomPolicy,S009_F012,269,299,268,0,0
9,RandomPolicy,S009_F013,204,227,205,1,200
9,RandomPolicy,S009_F014,237,254,220,0,0
9,RandomPolicy,S009_F015,286,315,286,0,0
9,RandomPolicy,S009_F016,193,218,192,0,0
9,RandomPolicy,S009_F017,112,115,105,0,0
9,RandomPolicy,S009_F018,121,136,112,0,0
9,RandomPolicy,S009_F019,279,290,256,0,0
10,RandomPolicy,S010_F000,185,190,158,0,0
10,RandomPolicy,S010_F001,260,282,240,0,0
10,RandomPolicy,S010_F002,211,230,206,0,0
10,RandomPolicy,S010_F003,103,104,92,0,0
10,RandomPolicy,S010_F004,165,173,150,0,0
10,RandomPolicy,S010_F005,134,139,127,0,0
10,RandomPolicy,S010_F006,222,228,206,0,0
10,RandomPolicy,S010_F007,256,263,235,0,0
10,RandomPolicy,S010_F008,106,117,113,7,2500
10,RandomPolicy,S010_F009,211,241,218,7,3000
10,RandomPolicy,S010_F010,104,115,98,0,0
10,RandomPolicy,S010_F011,217,241,217,0,0
10,RandomPolicy,S010_F012,231,258,241,10,4000
10,RandomPolicy,S010_F013,130,137,128,0,0
10,RandomPolicy,S010_F014,294,327,288,0,0
10,RandomPolicy,S010_F015,146,165,156,10,3700
10,RandomPolicy,S010_F016,282,322,297,15,7400
10,RandomPolicy,S010_F017,193,216,195,2,1200
10,RandomPolicy,S010_F018,130,142,124,0,0
10,RandomPolicy,S010_F019,266,304,269,3,600
11,RandomPolicy,S011_F000,137,154,136,0,0
11,RandomPolicy,S011_F001,191,206,189,0,0
11,RandomPolicy,S011_F002,149,169,152,3,900
11,RandomPolicy,S011_F003,103,110,102,0,0
11,RandomPolicy,S011_F004,119,121,116,0,0
11,RandomPolicy,S011_F005,286,288,254,0,0
11,RandomPolicy,S011_F006,199,218,195,0,0
11,RandomPolicy,S011_F007,189,216,194,5,1000
11,RandomPolicy,S011_F008,157,161,150,0,0
11,RandomPolicy,S011_F009,213,223,203,0,0
11,RandomPolicy,S011_F010,233,237,214,0,0
11,RandomPolicy,S011_F011,231,259,235,4,1900
11,RandomPolicy,S011_F012,139,142,129,0,0
11,RandomPolicy,S011_F013,236,249,219,0,0
11,RandomPolicy,S011_F014,214,225,203,0,0
11,RandomPolicy,S011_F015,177,195,179,2,700
11,RandomPolicy,S011_F016,195,208,188,0,0
11,RandomPolicy,S011_F017,185,187,165,0,0
11,RandomPolicy,S011_F018,294,306,276,0,0
11,RandomPolicy,S011_F019,279,279,252,0,0
12,RandomPolicy,S012_F000,102,106,95,0,0
12,RandomPolicy,S012_F001,234,234,211,0,0
12,RandomPolicy,S012_F002,193,220,188,0,0
12,RandomPolicy,S012_F003,149,167,154,5,3700
12,RandomPolicy,S012_F004,129,143,126,0,0
12,RandomPolicy,S012_F005,181,185,171,0,0
12,RandomPolicy,S012_F006,155,168,150,0,0
12,RandomPolicy,S012_F007,165,165,151,0,0
12,RandomPolicy,S012_F008,276,281,254,0,0
12,RandomPolicy,S012_F009,183,200,182,0,0
12,RandomPolicy,S012_F010,273,283,257,0,0
12,RandomPolicy,S012_F011,217,242,221,4,1900
12,RandomPolicy,S012_F012,209,227,202,0,0
12,RandomPolicy,S012_F013,152,167,150,0,0
12,RandomPolicy,S012_F014,280,294,260,0,0
12,RandomPolicy,S012_F015,136,149,141,5,2200
12,RandomPolicy,S012_F016,110,114,100,0,0
12,RandomPolicy,S012_F017,280,287,260,0,0
12,RandomPolicy,S012_F018,184,202,183,0,0
12,RandomPolicy,S012_F019,267,280,242,0,0
13,RandomPolicy,S013_F000,241,267,237,0,0
13,RandomPolicy,S013_F001,180,181,171,0,0
13,RandomPolicy,S013_F002,113,121,107,0,0
13,RandomPolicy,S013_F003,297,327,290,0,0
13,RandomPolicy,S013_F004,211,223,200,0,0
13,RandomPolicy,S013_F005,204,212,187,0,0
13,RandomPolicy,S013_F006,132,147,127,0,0
13,RandomPolicy,S013_F007,289,291,271,0,0
13,RandomPolicy,S013_F008,258,290,262,4,1900
13,RandomPolicy,S013_F009,108,108,98,0,0
13,RandomPolicy,S013_F010,252,282,253,1,200
13,RandomPolicy,S013_F011,186,196,182,0,0
13,RandomPolicy,S013_F012,125,135,129,4,1100
13,RandomPolicy,S013_F013,169,182,162,0,0
13,RandomPolicy,S013_F014,234,234,211,0,0
13,RandomPolicy,S013_F015,268,291,267,0,0
13,RandomPolicy,S013_F016,198,225,204,6,2000
13,RandomPolicy,S013_F017,226,254,234,8,3300
13,RandomPolicy,S013_F018,144,155,137,0,0
13,RandomPolicy,S013_F019,286,319,290,4,800
14,RandomPolicy,S014_F000,183,203,183,0,0
14,RandomPolicy,S014_F001,209,214,195,0,0
14,RandomPolicy,S014_F002,243,250,218,0,0
14,RandomPolicy,S014_F003,248,254,230,0,0
14,RandomPolicy,S014_F004,146,155,146,0,0
14,RandomPolicy,S014_F005,214,229,199,0,0
14,RandomPolicy,S014_F006,157,177,155,0,0
14,RandomPolicy,S014_F007,273,284,259,0,0
14,RandomPolicy,S014_F008,300,343,307,7,2000
14,RandomPolicy,S014_F009,229,231,198,0,0
14,RandomPolicy,S014_F010,117,119,103,0,0
14,RandomPolicy,S014_F011,257,267,240,0,0
14,RandomPolicy,S014_F012,260,266,245,0,0
14,RandomPolicy,S014_F013,173,173,152,0,0
14,RandomPolicy,S014_F014,130,143,130,0,0
14,RandomPolicy,S014_F015,263,293,257,0,0
14,RandomPolicy,S014_F016,103,103,96,0,0
14,RandomPolicy,S014_F017,268,270,244,0,0
14,RandomPolicy,S014_F018,183,183,170,0,0
14,RandomPolicy,S014_F019,141,159,150,9,2100
15,RandomPolicy,S015_F000,203,219,188,0,0
15,RandomPolicy,S015_F001,200,206,188,0,0
15,RandomPolicy,S015_F002,256,267,239,0,0
15,RandomPolicy,S015_F003,111,118,105,0,0
15,RandomPolicy,S015_F004,254,286,255,1,500
15,RandomPolicy,S015_F005,235,262,231,0,0
15,RandomPolicy,S015_F006,122,130,119,0,0
15,RandomPolicy,S015_F007,250,270,238,0,0
15,RandomPolicy,S015_F008,298,318,284,0,0
15,RandomPolicy,S015_F009,143,160,142,0,0
15,RandomPolicy,S015_F010,286,287,266,0,0
15,RandomPolicy,S015_F011,101,109,98,0,0
15,RandomPolicy,S015_F012,172,172,149,0,0
15,RandomPolicy,S015_F013,199,216,195,0,0
15,RandomPolicy,S015_F014,181,196,177,0,0
15,RandomPolicy,S015_F015,118,123,113,0,0
15,RandomPolicy,S015_F016,233,251,223,0,0
15,RandomPolicy,S015_F017,181,198,185,4,1600
15,RandomPolicy,S015_F018,240,262,234,0,0
15,RandomPolicy,S015_F019,253,287,258,5,2200
16,RandomPolicy,S016_F000,136,138,124,0,0
16,RandomPolicy,S016_F001,291,302,272,0,0
16,RandomPolicy,S016_F002,284,317,289,5,1000
16,RandomPolicy,S016_F003,129,130,115,0,0
16,RandomPolicy,S016_F004,187,203,177,0,0
16,RandomPolicy,S016_F005,143,154,136,0,0
16,RandomPolicy,S016_F006,218,238,217,0,0
16,RandomPolicy,S016_F007,158,168,147,0,0
16,RandomPolicy,S016_F008,230,249,223,0,0
16,RandomPolicy,S016_F009,269,271,244,0,0
16,RandomPolicy,S016_F010,239,248,229,0,0
16,RandomPolicy,S016_F011,298,316,285,0,0
16,RandomPolicy,S016_F012,238,263,237,0,0
16,RandomPolicy,S016_F013,269,289,267,0,0
16,RandomPolicy,S016_F014,238,254,233,0,0
16,RandomPolicy,S016_F015,248,282,254,6,4200
16,RandomPolicy,S016_F016,144,161,144,0,0
16,RandomPolicy,S016_F017,285,322,291,6,1500
16,RandomPolicy,S016_F018,215,244,222,7,2200
16,RandomPolicy,S016_F019,300,338,308,8,2400
17,RandomPolicy,S017_F000,266,272,240,0,0
17,RandomPolicy,S017_F001,147,154,139,0,0
17,RandomPolicy,S017_F002,181,198,169,0,0
17,RandomPolicy,S017_F003,197,223,206,9,4000
17,RandomPolicy,S017_F004,183,209,195,12,4100
17,RandomPolicy,S017_F005,119,125,111,0,0
17,RandomPolicy,S017_F006,226,254,234,8,2200
17,RandomPolicy,S017_F007,103,103,90,0,0
17,RandomPolicy,S017_F008,288,313,274,0,0
17,RandomPolicy,S017_F009,112,121,107,0,0
17,RandomPolicy,S017_F010,190,216,197,7,2500
17,RandomPolicy,S017_F011,206,223,201,0,0
17,RandomPolicy,S017_F012,208,209,187,0,0
17,RandomPolicy,S017_F013,144,161,139,0,0
17,RandomPolicy,S017_F014,224,247,219,0,0
17,RandomPolicy,S017_F015,173,195,173,0,0
17,RandomPolicy,S017_F016,110,126,110,0,0
17,RandomPolicy,S017_F017,111,114,99,0,0
17,RandomPolicy,S017_F018,179,197,181,2,400
17,RandomPolicy,S017_F019,278,308,278,0,0
18,RandomPolicy,S018_F000,168,190,169,1,1000
18,RandomPolicy,S018_F001,201,217,196,0,0
18,RandomPolicy,S018_F002,122,123,112,0,0
18,RandomPolicy,S018_F003,256,263,237,0,0
18,RandomPolicy,S018_F004,296,317,289,0,0
18,RandomPolicy,S018_F005,269,289,267,0,0
18,RandomPolicy,S018_F006,285,322,294,9,2900
18,RandomPolicy,S018_F007,169,179,167,0,0
18,RandomPolicy,S018_F008,190,193,178,0,0
18,RandomPolicy,S018_F009,287,292,267,0,0
18,RandomPolicy,S018_F010,215,234,207,0,0
18,RandomPolicy,S018_F011,256,266,242,0,0
18,RandomPolicy,S018_F012,232,260,233,1,500
18,RandomPolicy,S018_F013,181,199,177,0,0
18,RandomPolicy,S018_F014,116,131,116,0,0
18,RandomPolicy,S018_F015,280,298,269,0,0
18,RandomPolicy,S018_F016,149,158,143,0,0
18,RandomPolicy,S018_F017,202,217,194,0,0
18,RandomPolicy,S018_F018,280,290,265,0,0
18,RandomPolicy,S018_F019,149,159,141,0,0
19,RandomPolicy,S019_F000,116,130,118,2,700
19,RandomPolicy,S019_F001,207,233,207,0,0
19,RandomPolicy,S019_F002,297,335,301,4,1100
19,RandomPolicy,S019_F003,256,261,231,0,0
19,RandomPolicy,S019_F004,279,308,276,0,0
19,RandomPolicy,S019_F005,292,312,285,0,0
19,RandomPolicy,S019_F006,208,230,202,0,0
19,RandomPolicy,S019_F007,123,132,125,2,700
19,RandomPolicy,S019_F008,239,244,219,0,0
19,RandomPolicy,S019_F009,216,241,218,2,400
19,RandomPolicy,S019_F010,287,288,259,0,0
19,RandomPolicy,S019_F011,286,309,270,0,0
19,RandomPolicy,S019_F012,237,238,222,0,0
19,RandomPolicy,S019_F013,253,282,248,0,0
19,RandomPolicy,S019_F014,170,172,157,0,0
19,RandomPolicy,S019_F015,299,303,274,0,0
19,RandomPolicy,S019_F016,165,172,152,0,0
19,RandomPolicy,S019_F017,257,285,264,7,2500
19,RandomPolicy,S019_F018,213,216,189,0,0
19,RandomPolicy,S019_F019,215,243,218,3,600
20,RandomPolicy,S020_F000,147,156,132,0,0
20,RandomPolicy,S020_F001,192,203,187,0,0
20,RandomPolicy,S020_F002,278,289,250,0,0
20,RandomPolicy,S020_F003,186,194,181,0,0
20,RandomPolicy,S020_F004,143,158,138,0,0
20,RandomPolicy,S020_F005,132,142,123,0,0
20,RandomPolicy,S020_F006,206,211,193,0,0
20,RandomPolicy,S020_F007,293,328,286,0,0
20,RandomPolicy,S020_F008,119,125,114,0,0
20,RandomPolicy,S020_F009,262,267,233,0,0
20,RandomPolicy,S020_F010,279,281,259,0,0
20,RandomPolicy,S020_F011,280,300,267,0,0
20,RandomPolicy,S020_F012,165,174,157,0,0
20,RandomPolicy,S020_F013,246,246,223,0,0
20,RandomPolicy,S020_F014,128,139,127,0,0
20,RandomPolicy,S020_F015,133,133,119,0,0
20,RandomPolicy,S020_F016,263,288,256,0,0
20,RandomPolicy,S020_F017,148,151,139,0,0
20,RandomPolicy,S020_F018,249,255,231,0,0
20,RandomPolicy,S020_F019,227,228,207,0,0
21,RandomPolicy,S021_F000,179,181,166,0,0
21,RandomPolicy,S021_F001,243,249,219,0,0
21,RandomPolicy,S021_F002,121,133,124,3,900
21,RandomPolicy,S021_F003,155,157,139,0,0
21,RandomPolicy,S021_F004,269,298,264,0,0
21,RandomPolicy,S021_F005,278,295,259,0,0
21,RandomPolicy,S021_F006,281,309,280,0,0
21,RandomPolicy,S021_F007,107,108,103,0,0
21,RandomPolicy,S021_F008,129,147,131,2,1200
21,RandomPolicy,S021_F009,220,230,211,0,0
21,RandomPolicy,S021_F010,135,140,128,0,0
21,RandomPolicy,S021_F011,268,278,252,0,0
21,RandomPolicy,S021_F012,261,283,262,1,200
21,RandomPolicy,S021_F013,132,149,136,4,2700
21,RandomPolicy,S021_F014,246,249,228,0,0
21,RandomPolicy,S021_F015,131,134,121,0,0
21,RandomPolicy,S021_F016,141,159,142,1,200
21,RandomPolicy,S021_F017,200,228,207,7,3100
21,RandomPolicy,S021_F018,185,208,190,5,1300
21,RandomPolicy,S021_F019,190,217,197,7,2500
22,RandomPolicy,S022_F000,267,296,268,1,200
22,RandomPolicy,S022_F001,277,300,273,0,0
22,RandomPolicy,S022_F002,274,286,260,0,0
22,RandomPolicy,S022_F003,140,145,135,0,0
22,RandomPolicy,S022_F004,137,140,127,0,0
22,RandomPolicy,S022_F005,138,143,122,0,0
22,RandomPolicy,S022_F006,218,228,195,0,0
22,RandomPolicy,S022_F007,242,266,241,0,0
22,RandomPolicy,S022_F008,232,249,226,0,0
22,RandomPolicy,S022_F009,199,205,188,0,0
22,RandomPolicy,S022_F010,287,311,288,1,200
22,RandomPolicy,S022_F011,287,328,296,9,4000
22,RandomPolicy,S022_F012,128,141,130,2,1000
22,RandomPolicy,S022_F013,174,181,170,0,0
22,RandomPolicy,S022_F014,250,272,246,0,0
22,RandomPolicy,S022_F015,183,205,176,0,0
22,RandomPolicy,S022_F016,110,114,104,0,0
22,RandomPolicy,S022_F017,209,225,202,0,0
22,RandomPolicy,S022_F018,155,156,142,0,0
22,RandomPolicy,S022_F019,216,235,211,0,0
23,RandomPolicy,S023_F000,133,139,129,0,0
23,RandomPolicy,S023_F001,227,231,208,0,0
23,RandomPolicy,S023_F002,204,205,183,0,0
23,RandomPolicy,S023_F003,235,255,229,0,0
23,RandomPolicy,S023_F004,155,170,149,0,0
23,RandomPolicy,S023_F005,295,309,277,0,0
23,RandomPolicy,S023_F006,148,148,136,0,0
23,RandomPolicy,S023_F007,202,224,203,1,200
23,RandomPolicy,S023_F008,192,218,195,3,900
23,RandomPolicy,S023_F009,253,265,236,0,0
23,RandomPolicy,S023_F010,174,184,169,0,0
23,RandomPolicy,S023_F011,116,128,113,0,0
23,RandomPolicy,S023_F012,146,151,136,0,0
23,RandomPolicy,S023_F013,219,230,217,0,0
23,RandomPolicy,S023_F014,235,243,227,0,0
23,RandomPolicy,S023_F015,258,279,260,2,400
23,RandomPolicy,S023_F016,211,221,202,0,0
23,RandomPolicy,S023_F017,124,134,123,0,0
23,RandomPolicy,S023_F018,133,136,124,0,0
23,RandomPolicy,S023_F019,238,269,245,7,2800
24,RandomPolicy,S024_F000,297,322,293,0,0
24,RandomPolicy,S024_F001,181,189,173,0,0
24,RandomPolicy,S024_F002,181,184,165,0,0
24,RandomPolicy,S024_F003,235,256,232,0,0
24,RandomPolicy,S024_F004,218,236,213,0,0
24,RandomPolicy,S024_F005,153,153,134,0,0
24,RandomPolicy,S024_F006,199,204,180,0,0
24,RandomPolicy,S024_F007,262,264,238,0,0
24,RandomPolicy,S024_F008,138,157,139,1,200
24,RandomPolicy,S024_F009,271,294,258,0,0
24,RandomPolicy,S024_F010,150,161,143,0,0
24,RandomPolicy,S024_F011,244,258,234,0,0
24,RandomPolicy,S024_F012,241,266,235,0,0
24,RandomPolicy,S024_F013,257,265,237,0,0
24,RandomPolicy,S024_F014,134,150,136,2,1200
24,RandomPolicy,S024_F015,111,114,96,0,0
24,RandomPolicy,S024_F016,174,196,174,0,0
24,RandomPolicy,S024_F017,216,239,210,0,0
24,RandomPolicy,S024_F018,212,222,203,0,0
24,RandomPolicy,S024_F019,268,288,259,0,0
25,RandomPolicy,S025_F000,231,265,243,12,3800
25,RandomPolicy,S025_F001,277,290,260,0,0
25,RandomPolicy,S025_F002,205,235,205,0,0
25,RandomPolicy,S025_F003,193,208,180,0,0
25,RandomPolicy,S025_F004,296,309,277,0,0
25,RandomPolicy,S025_F005,188,205,189,1,1000
25,RandomPolicy,S025_F006,281,297,270,0,0
25,RandomPolicy,S025_F007,100,112,101,1,200
25,RandomPolicy,S025_F008,125,139,122,0,0
25,RandomPolicy,S025_F009,121,126,112,0,0
25,RandomPolicy,S025_F010,105,114,104,0,0
25,RandomPolicy,S025_F011,238,263,239,1,200
25,RandomPolicy,S025_F012,189,216,192,3,900
25,RandomPolicy,S025_F013,224,251,234,10,4000
25,RandomPolicy,S025_F014,189,210,191,2,1200
25,RandomPolicy,S025_F015,294,297,267,0,0
25,RandomPolicy,S025_F016,225,233,211,0,0
25,RandomPolicy,S025_F017,236,257,234,0,0
25,RandomPolicy,S025_F018,239,259,226,0,0
25,RandomPolicy,S025_F019,108,119,107,0,0
26,RandomPolicy,S026_F000,206,218,192,0,0
26,RandomPolicy,S026_F001,250,268,242,0,0
26,RandomPolicy,S026_F002,248,279,261,13,4400
26,RandomPolicy,S026_F003,124,136,125,1,200
26,RandomPolicy,S026_F004,193,196,177,0,0
26,RandomPolicy,S026_F005,238,246,224,0,0
26,RandomPolicy,S026_F006,205,205,175,0,0
26,RandomPolicy,S026_F007,232,266,241,9,4000
26,RandomPolicy,S026_F008,198,200,181,0,0
26,RandomPolicy,S026_F009,225,226,200,0,0
26,RandomPolicy,S026_F010,144,153,138,0,0
26,RandomPolicy,S026_F011,209,229,211,2,700
26,RandomPolicy,S026_F012,221,252,228,7,2300
26,RandomPolicy,S026_F013,248,270,243,0,0
26,RandomPolicy,S026_F014,237,260,235,0,0
26,RandomPolicy,S026_F015,249,252,233,0,0
26,RandomPolicy,S026_F016,103,116,103,0,0
26,RandomPolicy,S026_F017,151,152,139,0,0
26,RandomPolicy,S026_F018,288,297,273,0,0
26,RandomPolicy,S026_F019,266,267,243,0,0
27,RandomPolicy,S027_F000,251,254,219,0,0
27,RandomPolicy,S027_F001,246,258,227,0,0
27,RandomPolicy,S027_F002,214,244,221,7,2200
27,RandomPolicy,S027_F003,187,187,173,0,0
27,RandomPolicy,S027_F004,166,180,164,0,0
27,RandomPolicy,S027_F005,207,229,201,0,0
27,RandomPolicy,S027_F006,299,316,282,0,0
27,RandomPolicy,S027_F007,235,235,202,0,0
27,RandomPolicy,S027_F008,150,169,149,0,0
27,RandomPolicy,S027_F009,225,236,211,0,0
27,RandomPolicy,S027_F010,183,196,173,0,0
27,RandomPolicy,S027_F011,157,163,146,0,0
27,RandomPolicy,S027_F012,125,141,129,4,1100
27,RandomPolicy,S027_F013,262,298,267,5,1000
27,RandomPolicy,S027_F014,160,179,157,0,0
27,RandomPolicy,S027_F015,224,225,206,0,0
27,RandomPolicy,S027_F016,259,282,248,0,0
27,RandomPolicy,S027_F017,126,133,119,0,0
27,RandomPolicy,S027_F018,102,113,99,0,0
27,RandomPolicy,S027_F019,129,129,118,0,0
28,RandomPolicy,S028_F000,184,186,169,0,0
28,RandomPolicy,S028_F001,255,274,257,2,700
28,RandomPolicy,S028_F002,109,117,102,0,0
28,RandomPolicy,S028_F003,161,165,149,0,0
28,RandomPolicy,S028_F004,167,186,170,3,900
28,RandomPolicy,S028_F005,122,130,113,0,0
28,RandomPolicy,S028_F006,177,182,163,0,0
28,RandomPolicy,S028_F007,281,283,252,0,0
28,RandomPolicy,S028_F008,144,160,145,1,500
28,RandomPolicy,S028_F009,282,309,287,5,1600
28,RandomPolicy,S028_F010,110,110,102,0,0
28,RandomPolicy,S028_F011,133,139,125,0,0
28,RandomPolicy,S028_F012,284,321,284,0,0
28,RandomPolicy,S028_F013,241,264,239,0,0
28,RandomPolicy,S028_F014,152,169,148,0,0
28,RandomPolicy,S028_F015,168,181,163,0,0
28,RandomPolicy,S028_F016,183,208,187,4,1100
28,RandomPolicy,S028_F017,290,302,272,0,0
28,RandomPolicy,S028_F018,169,175,149,0,0
28,RandomPolicy,S028_F019,244,255,225,0,0
29,RandomPolicy,S029_F000,117,130,112,0,0
29,RandomPolicy,S029_F001,154,164,145,0,0
29,RandomPolicy,S029_F002,193,195,168,0,0
29,RandomPolicy,S029_F003,115,122,112,0,0
29,RandomPolicy,S029_F004,137,154,135,0,0
29,RandomPolicy,S029_F005,121,129,117,0,0
29,RandomPolicy,S029_F006,262,289,258,0,0
29,RandomPolicy,S029_F007,246,273,248,2,1200
29,RandomPolicy,S029_F008,215,228,206,0,0
29,RandomPolicy,S029_F009,219,228,207,0,0
29,RandomPolicy,S029_F010,206,233,209,3,1400
29,RandomPolicy,S029_F011,159,162,145,0,0
29,RandomPolicy,S029_F012,161,163,151,0,0
29,RandomPolicy,S029_F013,112,114,97,0,0
29,RandomPolicy,S029_F014,189,217,197,8,3000
29,RandomPolicy,S029_F015,209,223,207,0,0
29,RandomPolicy,S029_F016,170,191,174,4,1400
29,RandomPolicy,S029_F017,169,184,161,0,0
29,RandomPolicy,S029_F018,110,126,111,1,200
29,RandomPolicy,S029_F019,107,107,93,0,0
30,RandomPolicy,S030_F000,232,259,229,0,0
30,RandomPolicy,S030_F001,120,136,123,3,1400
30,RandomPolicy,S030_F002,211,211,182,0,0
30,RandomPolicy,S030_F003,158,160,144,0,0
30,RandomPolicy,S030_F004,129,143,136,7,2000
30,RandomPolicy,S030_F005,271,306,267,0,0
30,RandomPolicy,S030_F006,291,314,289,0,0
30,RandomPolicy,S030_F007,293,322,285,0,0
30,RandomPolicy,S030_F008,208,211,181,0,0
30,RandomPolicy,S030_F009,132,147,133,1,200
30,RandomPolicy,S030_F010,285,301,273,0,0
30,RandomPolicy,S030_F011,118,120,107,0,0
30,RandomPolicy,S030_F012,160,168,154,0,0
30,RandomPolicy,S030_F013,154,162,147,0,0
30,RandomPolicy,S030_F014,231,262,227,0,0
30,RandomPolicy,S030_F015,145,158,143,0,0
30,RandomPolicy,S030_F016,268,279,249,0,0
30,RandomPolicy,S030_F017,154,170,156,2,1200
30,RandomPolicy,S030_F018,115,117,110,0,0
30,RandomPolicy,S030_F019,129,136,118,0,0
31,RandomPolicy,S031_F000,229,242,220,0,0
31,RandomPolicy,S031_F001,105,115,102,0,0
31,RandomPolicy,S031_F002,284,311,279,0,0
31,RandomPolicy,S031_F003,115,128,116,1,1000
31,RandomPolicy,S031_F004,213,241,215,2,1200
31,RandomPolicy,S031_F005,282,293,262,0,0
31,RandomPolicy,S031_F006,135,136,127,0,0
31,RandomPolicy,S031_F007,255,277,241,0,0
31,RandomPolicy,S031_F008,149,168,154,5,1000
31,RandomPolicy,S031_F009,203,214,189,0,0
31,RandomPolicy,S031_F010,259,294,263,4,1100
31,RandomPolicy,S031_F011,127,128,119,0,0
31,RandomPolicy,S031_F012,192,218,201,9,3700
31,RandomPolicy,S031_F013,286,314,291,5,1800
31,RandomPolicy,S031_F014,174,189,172,0,0
31,RandomPolicy,S031_F015,156,174,156,0,0
31,RandomPolicy,S031_F016,195,200,186,0,0
31,RandomPolicy,S031_F017,184,209,189,5,1300
31,RandomPolicy,S031_F018,276,300,273,0,0
31,RandomPolicy,S031_F019,237,246,228,0,0
32,RandomPolicy,S032_F000,131,149,136,5,2100
32,RandomPolicy,S032_F001,151,154,143,0,0
32,RandomPolicy,S032_F002,130,139,128,0,0
32,RandomPolicy,S032_F003,249,264,237,0,0
32,RandomPolicy,S032_F004,137,137,123,0,0
32,RandomPolicy,S032_F005,157,160,145,0,0
32,RandomPolicy,S032_F006,207,207,182,0,0
32,RandomPolicy,S032_F007,288,295,262,0,0
32,RandomPolicy,S032_F008,120,130,111,0,0
32,RandomPolicy,S032_F009,143,153,142,0,0
32,RandomPolicy,S032_F010,112,125,111,0,0
32,RandomPolicy,S032_F011,270,290,250,0,0
32,RandomPolicy,S032_F012,197,217,195,0,0
32,RandomPolicy,S032_F013,133,139,127,0,0
32,RandomPolicy,S032_F014,165,175,153,0,0
32,RandomPolicy,S032_F015,295,303,270,0,0
32,RandomPolicy,S032_F016,227,245,225,0,0
32,RandomPolicy,S032_F017,246,281,241,0,0
32,RandomPolicy,S032_F018,123,139,128,5,1300
32,RandomPolicy,S032_F019,159,163,139,0,0
33,RandomPolicy,S033_F000,288,307,279,0,0
33,RandomPolicy,S033_F001,215,233,217,2,1000
33,RandomPolicy,S033_F002,201,219,204,3,900
33,RandomPolicy,S033_F003,133,141,131,0,0
33,RandomPolicy,S033_F004,116,123,106,0,0
33,RandomPolicy,S033_F005,119,119,110,0,0
33,RandomPolicy,S033_F006,266,281,252,0,0
33,RandomPolicy,S033_F007,277,314,283,6,1200
33,RandomPolicy,S033_F008,238,256,234,0,0
33,RandomPolicy,S033_F009,212,235,217,5,2100
33,RandomPolicy,S033_F010,273,304,273,0,0
33,RandomPolicy,S033_F011,208,209,185,0,0
33,RandomPolicy,S033_F012,250,268,244,0,0
33,RandomPolicy,S033_F013,248,251,231,0,0
33,RandomPolicy,S033_F014,151,163,148,0,0
33,RandomPolicy,S033_F015,138,152,140,2,1200
33,RandomPolicy,S033_F016,184,207,185,1,500
33,RandomPolicy,S033_F017,251,279,253,2,400
33,RandomPolicy,S033_F018,262,285,260,0,0
33,RandomPolicy,S033_F019,142,156,140,0,0
34,RandomPolicy,S034_F000,277,306,273,0,0
34,RandomPolicy,S034_F001,189,192,173,0,0
34,RandomPolicy,S034_F002,239,255,234,0,0
34,RandomPolicy,S034_F003,229,252,219,0,0
34,RandomPolicy,S034_F004,124,140,126,2,700
34,RandomPolicy,S034_F005,163,167,152,0,0
34,RandomPolicy,S034_F006,184,196,184,0,0
34,RandomPolicy,S034_F007,160,163,146,0,0
34,RandomPolicy,S034_F008,244,275,246,2,400
34,RandomPolicy,S034_F009,299,312,279,0,0
34,RandomPolicy,S034_F010,213,220,201,0,0
34,RandomPolicy,S034_F011,144,156,148,4,1400
34,RandomPolicy,S034_F012,228,234,210,0,0
34,RandomPolicy,S034_F013,228,249,226,0,0
34,RandomPolicy,S034_F014,114,122,111,0,0
34,RandomPolicy,S034_F015,127,137,128,1,200
34,RandomPolicy,S034_F016,161,183,166,5,2100
34,RandomPolicy,S034_F017,111,118,107,0,0
34,RandomPolicy,S034_F018,121,123,113,0,0
34,RandomPolicy,S034_F019,222,248,218,0,0
35,RandomPolicy,S035_F000,212,241,209,0,0
35,RandomPolicy,S035_F001,140,146,124,0,0
35,RandomPolicy,S035_F002,158,169,150,0,0
35,RandomPolicy,S035_F003,293,321,290,0,0
35,RandomPolicy,S035_F004,220,246,221,1,200
35,RandomPolicy,S035_F005,127,138,122,0,0
35,RandomPolicy,S035_F006,236,253,214,0,0
35,RandomPolicy,S035_F007,195,220,199,4,800
35,RandomPolicy,S035_F008,201,206,193,0,0
35,RandomPolicy,S035_F009,128,138,119,0,0
35,RandomPolicy,S035_F010,145,155,139,0,0
35,RandomPolicy,S035_F011,120,131,120,0,0
35,RandomPolicy,S035_F012,189,205,180,0,0
35,RandomPolicy,S035_F013,241,266,243,2,400
35,RandomPolicy,S035_F014,200,229,201,1,200
35,RandomPolicy,S035_F015,222,222,206,0,0
35,RandomPolicy,S035_F016,131,143,119,0,0
35,RandomPolicy,S035_F017,142,162,149,7,2500
35,RandomPolicy,S035_F018,100,109,101,1,200
35,RandomPolicy,S035_F019,116,117,108,0,0
36,RandomPolicy,S036_F000,265,271,235,0,0
36,RandomPolicy,S036_F001,155,176,160,5,1000
36,RandomPolicy,S036_F002,147,151,143,0,0
36,RandomPolicy,S036_F003,234,258,227,0,0
36,RandomPolicy,S036_F004,213,214,189,0,0
36,RandomPolicy,S036_F005,300,313,280,0,0
36,RandomPolicy,S036_F006,253,275,243,0,0
36,RandomPolicy,S036_F007,179,204,184,5,1800
36,RandomPolicy,S036_F008,291,309,275,0,0
36,RandomPolicy,S036_F009,214,222,201,0,0
36,RandomPolicy,S036_F010,299,326,301,2,400
36,RandomPolicy,S036_F011,295,335,290,0,0
36,RandomPolicy,S036_F012,169,177,154,0,0
36,RandomPolicy,S036_F013,156,176,159,3,1200
36,RandomPolicy,S036_F014,243,255,231,0,0
36,RandomPolicy,S036_F015,117,134,124,7,2300
36,RandomPolicy,S036_F016,162,165,154,0,0
36,RandomPolicy,S036_F017,247,271,253,6,1800
36,RandomPolicy,S036_F018,233,259,238,5,1600
36,RandomPolicy,S036_F019,187,190,166,0,0
37,RandomPolicy,S037_F000,131,149,140,9,2700
37,RandomPolicy,S037_F001,223,233,208,0,0
37,RandomPolicy,S037_F002,227,248,231,4,800
37,RandomPolicy,S037_F003,182,198,176,0,0
37,RandomPolicy,S037_F004,269,281,246,0,0
37,RandomPolicy,S037_F005,300,335,299,0,0
37,RandomPolicy,S037_F006,217,228,207,0,0
37,RandomPolicy,S037_F007,157,169,153,0,0
37,RandomPolicy,S037_F008,141,154,139,0,0
37,RandomPolicy,S037_F009,119,125,112,0,0
37,RandomPolicy,S037_F010,278,289,263,0,0
37,RandomPolicy,S037_F011,189,193,172,0,0
37,RandomPolicy,S037_F012,160,175,159,0,0
37,RandomPolicy,S037_F013,103,113,102,0,0
37,RandomPolicy,S037_F014,239,256,233,0,0
37,RandomPolicy,S037_F015,134,135,124,0,0
37,RandomPolicy,S037_F016,200,226,203,3,900
37,RandomPolicy,S037_F017,296,309,272,0,0
37,RandomPolicy,S037_F018,264,267,248,0,0
37,RandomPolicy,S037_F019,227,256,235,8,3000
38,RandomPolicy,S038_F000,257,283,250,0,0
38,RandomPolicy,S038_F001,187,214,184,0,0
38,RandomPolicy,S038_F002,211,220,201,0,0
38,RandomPolicy,S038_F003,231,245,215,0,0
38,RandomPolicy,S038_F004,280,286,252,0,0
38,RandomPolicy,S038_F005,128,137,125,0,0
38,RandomPolicy,S038_F006,253,290,257,4,800
38,RandomPolicy,S038_F007,266,268,238,0,0
38,RandomPolicy,S038_F008,162,184,171,9,3200
38,RandomPolicy,S038_F009,225,249,225,0,0
38,RandomPolicy,S038_F010,210,219,196,0,0
38,RandomPolicy,S038_F011,296,308,268,0,0
38,RandomPolicy,S038_F012,249,251,229,0,0
38,RandomPolicy,S038_F013,222,242,221,0,0
38,RandomPolicy,S038_F014,163,173,157,0,0
38,RandomPolicy,S038_F015,121,125,108,0,0
38,RandomPolicy,S038_F016,184,198,176,0,0
38,RandomPolicy,S038_F017,201,223,199,0,0
38,RandomPolicy,S038_F018,150,162,146,0,0
38,RandomPolicy,S038_F019,141,142,120,0,0
39,RandomPolicy,S039_F000,171,180,159,0,0
39,RandomPolicy,S039_F001,234,266,245,11,5000
39,RandomPolicy,S039_F002,190,215,199,9,3700
39,RandomPolicy,S039_F003,156,161,140,0,0
39,RandomPolicy,S039_F004,168,170,150,0,0
39,RandomPolicy,S039_F005,154,167,149,0,0
39,RandomPolicy,S039_F006,139,145,129,0,0
39,RandomPolicy,S039_F007,261,271,232,0,0
39,RandomPolicy,S039_F008,245,254,226,0,0
39,RandomPolicy,S039_F009,157,174,154,0,0
39,RandomPolicy,S039_F010,178,201,175,0,0
39,RandomPolicy,S039_F011,240,252,222,0,0
39,RandomPolicy,S039_F012,299,300,262,0,0
39,RandomPolicy,S039_F013,287,316,285,0,0
39,RandomPolicy,S039_F014,260,276,253,0,0
39,RandomPolicy,S039_F015,274,283,254,0,0
39,RandomPolicy,S039_F016,191,191,170,0,0
39,RandomPolicy,S039_F017,160,167,149,0,0
39,RandomPolicy,S039_F018,192,204,174,0,0
39,RandomPolicy,S039_F019,100,105,100,0,0
40,RandomPolicy,S040_F000,124,124,116,0,0
40,RandomPolicy,S040_F001,150,165,150,0,0
40,RandomPolicy,S040_F002,240,261,232,0,0
40,RandomPolicy,S040_F003,120,124,114,0,0
40,RandomPolicy,S040_F004,269,302,276,7,2500
40,RandomPolicy,S040_F005,217,235,212,0,0
40,RandomPolicy,S040_F006,270,280,249,0,0
40,RandomPolicy,S040_F007,259,288,253,0,0
40,RandomPolicy,S040_F008,130,138,128,0,0
40,RandomPolicy,S040_F009,260,283,257,0,0
40,RandomPolicy,S040_F010,284,293,252,0,0
40,RandomPolicy,S040_F011,153,158,136,0,0
40,RandomPolicy,S040_F012,123,123,115,0,0
40,RandomPolicy,S040_F013,236,260,234,0,0
40,RandomPolicy,S040_F014,238,270,244,6,1200
40,RandomPolicy,S040_F015,195,207,188,0,0
40,RandomPolicy,S040_F016,297,324,300,3,900
40,RandomPolicy,S040_F017,219,238,219,0,0
40,RandomPolicy,S040_F018,120,134,122,2,400
40,RandomPolicy,S040_F019,164,166,147,0,0
41,RandomPolicy,S041_F000,159,180,160,1,1000
41,RandomPolicy,S041_F001,260,263,244,0,0
41,RandomPolicy,S041_F002,195,213,200,5,2100
41,RandomPolicy,S041_F003,269,293,263,0,0
41,RandomPolicy,S041_F004,276,308,275,0,0
41,RandomPolicy,S041_F005,170,193,178,8,3000
41,RandomPolicy,S041_F006,146,158,143,0,0
41,RandomPolicy,S041_F007,260,273,240,0,0
41,RandomPolicy,S041_F008,145,164,156,11,4700
41,RandomPolicy,S041_F009,181,195,173,0,0
41,RandomPolicy,S041_F010,277,298,270,0,0
41,RandomPolicy,S041_F011,199,227,201,2,400
41,RandomPolicy,S041_F012,299,306,276,0,0
41,RandomPolicy,S041_F013,226,256,237,11,4400
41,RandomPolicy,S041_F014,230,249,224,0,0
41,RandomPolicy,S041_F015,248,256,226,0,0
41,RandomPolicy,S041_F016,282,304,275,0,0
41,RandomPolicy,S041_F017,236,249,230,0,0
41,RandomPolicy,S041_F018,203,232,209,6,1800
41,RandomPolicy,S041_F019,196,224,199,3,600
42,RandomPolicy,S042_F000,220,252,223,3,900
42,RandomPolicy,S042_F001,199,199,177,0,0
42,RandomPolicy,S042_F002,168,190,167,0,0
42,RandomPolicy,S042_F003,184,206,182,0,0
42,RandomPolicy,S042_F004,283,294,262,0,0
42,RandomPolicy,S042_F005,165,175,165,0,0
42,RandomPolicy,S042_F006,178,188,171,0,0
42,RandomPolicy,S042_F007,226,240,213,0,0
42,RandomPolicy,S042_F008,274,308,273,0,0
42,RandomPolicy,S042_F009,214,225,207,0,0
42,RandomPolicy,S042_F010,214,239,223,9,3500
42,RandomPolicy,S042_F011,295,301,268,0,0
42,RandomPolicy,S042_F012,283,293,267,0,0
42,RandomPolicy,S042_F013,295,323,282,0,0
42,RandomPolicy,S042_F014,135,148,129,0,0
42,RandomPolicy,S042_F015,242,257,244,2,400
42,RandomPolicy,S042_F016,174,176,153,0,0
42,RandomPolicy,S042_F017,165,171,155,0,0
42,RandomPolicy,S042_F018,103,113,97,0,0
42,RandomPolicy,S042_F019,125,130,117,0,0
43,RandomPolicy,S043_F000,294,328,298,4,1100
43,RandomPolicy,S043_F001,275,279,245,0,0
43,RandomPolicy,S043_F002,240,241,220,0,0
43,RandomPolicy,S043_F003,172,193,170,0,0
43,RandomPolicy,S043_F004,270,276,250,0,0
43,RandomPolicy,S043_F005,160,174,160,0,0
43,RandomPolicy,S043_F006,296,315,282,0,0
43,RandomPolicy,S043_F007,206,228,211,5,1300
43,RandomPolicy,S043_F008,179,181,168,0,0
43,RandomPolicy,S043_F009,250,271,241,0,0
43,RandomPolicy,S043_F010,212,228,208,0,0
43,RandomPolicy,S043_F011,249,266,242,0,0
43,RandomPolicy,S043_F012,261,271,250,0,0
43,RandomPolicy,S043_F013,295,334,304,9,3500
43,RandomPolicy,S043_F014,253,286,261,8,3600
43,RandomPolicy,S043_F015,279,304,282,3,2000
43,RandomPolicy,S043_F016,224,246,220,0,0
43,RandomPolicy,S043_F017,128,143,132,4,800
43,RandomPolicy,S043_F018,118,126,121,3,600
43,RandomPolicy,S043_F019,100,103,90,0,0
44,RandomPolicy,S044_F000,292,305,270,0,0
44,RandomPolicy,S044_F001,276,313,287,11,3700
44,RandomPolicy,S044_F002,261,285,261,0,0
44,RandomPolicy,S044_F003,213,214,196,0,0
44,RandomPolicy,S044_F004,165,189,176,11,3300
44,RandomPolicy,S044_F005,112,112,101,0,0
44,RandomPolicy,S044_F006,220,224,197,0,0
44,RandomPolicy,S044_F007,248,248,219,0,0
44,RandomPolicy,S044_F008,167,181,167,0,0
44,RandomPolicy,S044_F009,144,162,151,7,1700
44,RandomPolicy,S044_F010,164,166,143,0,0
44,RandomPolicy,S044_F011,251,259,237,0,0
44,RandomPolicy,S044_F012,265,304,267,2,700
44,RandomPolicy,S044_F013,250,277,250,0,0
44,RandomPolicy,S044_F014,265,268,242,0,0
44,RandomPolicy,S044_F015,159,172,146,0,0
44,RandomPolicy,S044_F016,234,234,208,0,0
44,RandomPolicy,S044_F017,217,236,216,0,0
44,RandomPolicy,S044_F018,236,268,234,0,0
44,RandomPolicy,S044_F019,260,264,238,0,0
45,RandomPolicy,S045_F000,105,118,106,1,200
45,RandomPolicy,S045_F001,126,140,132,6,1800
45,RandomPolicy,S045_F002,157,174,158,1,200
45,RandomPolicy,S045_F003,121,126,113,0,0
45,RandomPolicy,S045_F004,278,302,277,0,0
45,RandomPolicy,S045_F005,209,211,194,0,0
45,RandomPolicy,S045_F006,115,118,101,0,0
45,RandomPolicy,S045_F007,153,161,147,0,0
45,RandomPolicy,S045_F008,128,136,119,0,0
45,RandomPolicy,S045_F009,177,196,179,2,400
45,RandomPolicy,S045_F010,214,233,218,4,800
45,RandomPolicy,S045_F011,183,184,160,0,0
45,RandomPolicy,S045_F012,255,266,238,0,0
45,RandomPolicy,S045_F013,126,130,119,0,0
45,RandomPolicy,S045_F014,110,125,115,5,1300
45,RandomPolicy,S045_F015,241,258,234,0,0
45,RandomPolicy,S045_F016,217,228,205,0,0
45,RandomPolicy,S045_F017,209,227,197,0,0
45,RandomPolicy,S045_F018,193,216,196,3,600
45,RandomPolicy,S045_F019,169,186,166,0,0
46,RandomPolicy,S046_F000,205,207,183,0,0
46,RandomPolicy,S046_F001,266,290,264,0,0
46,RandomPolicy,S046_F002,202,203,180,0,0
46,RandomPolicy,S046_F003,189,201,187,0,0
46,RandomPolicy,S046_F004,224,244,218,0,0
46,RandomPolicy,S046_F005,212,214,186,0,0
46,RandomPolicy,S046_F006,135,149,125,0,0
46,RandomPolicy,S046_F007,114,125,109,0,0
46,RandomPolicy,S046_F008,134,144,131,0,0
46,RandomPolicy,S046_F009,247,274,246,0,0
46,RandomPolicy,S046_F010,189,206,186,0,0
46,RandomPolicy,S046_F011,137,140,129,0,0
46,RandomPolicy,S046_F012,131,142,128,0,0
46,RandomPolicy,S046_F013,120,126,117,0,0
46,RandomPolicy,S046_F014,114,127,106,0,0
46,RandomPolicy,S046_F015,129,136,120,0,0
46,RandomPolicy,S046_F016,213,221,199,0,0
46,RandomPolicy,S046_F017,197,207,188,0,0
46,RandomPolicy,S046_F018,291,324,299,8,4300
46,RandomPolicy,S046_F019,238,245,224,0,0
47,RandomPolicy,S047_F000,243,259,229,0,0
47,RandomPolicy,S047_F001,134,134,122,0,0
47,RandomPolicy,S047_F002,129,138,126,0,0
47,RandomPolicy,S047_F003,165,178,155,0,0
47,RandomPolicy,S047_F004,264,274,245,0,0
47,RandomPolicy,S047_F005,125,138,124,0,0
47,RandomPolicy,S047_F006,194,194,178,0,0
47,RandomPolicy,S047_F007,214,218,196,0,0
47,RandomPolicy,S047_F008,253,271,241,0,0
47,RandomPolicy,S047_F009,244,272,248,4,2400
47,RandomPolicy,S047_F010,115,131,115,0,0
47,RandomPolicy,S047_F011,175,197,177,2,700
47,RandomPolicy,S047_F012,120,133,121,1,200
47,RandomPolicy,S047_F013,291,325,287,0,0
47,RandomPolicy,S047_F014,147,149,139,0,0
47,RandomPolicy,S047_F015,202,224,205,3,900
47,RandomPolicy,S047_F016,171,179,162,0,0
47,RandomPolicy,S047_F017,121,124,111,0,0
47,RandomPolicy,S047_F018,271,290,265,0,0
47,RandomPolicy,S047_F019,246,264,240,0,0
48,RandomPolicy,S048_F000,251,262,237,0,0
48,RandomPolicy,S048_F001,258,274,243,0,0
48,RandomPolicy,S048_F002,125,132,114,0,0
48,RandomPolicy,S048_F003,280,321,290,10,4300
48,RandomPolicy,S048_F004,298,303,262,0,0
48,RandomPolicy,S048_F005,202,209,185,0,0
48,RandomPolicy,S048_F006,116,121,106,0,0
48,RandomPolicy,S048_F007,229,234,205,0,0
48,RandomPolicy,S048_F008,185,195,181,0,0
48,RandomPolicy,S048_F009,226,231,211,0,0
48,RandomPolicy,S048_F010,257,295,258,1,200
48,RandomPolicy,S048_F011,293,301,282,0,0
48,RandomPolicy,S048_F012,144,147,136,0,0
48,RandomPolicy,S048_F013,261,279,251,0,0
48,RandomPolicy,S048_F014,124,131,125,1,200
48,RandomPolicy,S048_F015,222,253,223,1,200
48,RandomPolicy,S048_F016,139,141,128,0,0
48,RandomPolicy,S048_F017,128,134,117,0,0
48,RandomPolicy,S048_F018,235,241,218,0,0
48,RandomPolicy,S048_F019,262,274,243,0,0
49,RandomPolicy,S049_F000,243,250,220,0,0
49,RandomPolicy,S049_F001,274,300,271,0,0
49,RandomPolicy,S049_F002,256,268,239,0,0
49,RandomPolicy,S049_F003,273,275,248,0,0
49,RandomPolicy,S049_F004,118,134,120,2,400
49,RandomPolicy,S049_F005,198,213,190,0,0
49,RandomPolicy,S049_F006,298,302,268,0,0
49,RandomPolicy,S049_F007,160,164,144,0,0
49,RandomPolicy,S049_F008,290,331,303,13,4900
49,RandomPolicy,S049_F009,127,130,120,0,0
49,RandomPolicy,S049_F010,216,235,217,1,200
49,RandomPolicy,S049_F011,282,283,266,0,0
49,RandomPolicy,S049_F012,251,275,248,0,0
49,RandomPolicy,S049_F013,174,187,171,0,0
49,RandomPolicy,S049_F014,196,203,181,0,0
49,RandomPolicy,S049_F015,273,287,259,0,0
49,RandomPolicy,S049_F016,109,113,101,0,0
49,RandomPolicy,S049_F017,252,283,259,7,2500
49,RandomPolicy,S049_F018,111,126,111,0,0
49,RandomPolicy,S049_F019,181,182,162,0,0
0,FIFOPolicy,S000_F000,157,164,147,0,0
0,FIFOPolicy,S000_F001,133,144,126,0,0
0,FIFOPolicy,S000_F002,192,199,188,0,0
0,FIFOPolicy,S000_F003,187,190,171,0,0
0,FIFOPolicy,S000_F004,293,331,295,2,700
0,FIFOPolicy,S000_F005,293,294,263,0,0
0,FIFOPolicy,S000_F006,219,239,213,0,0
0,FIFOPolicy,S000_F007,132,147,138,6,1500
0,FIFOPolicy,S000_F008,300,317,284,0,0
0,FIFOPolicy,S000_F009,170,184,164,0,0
0,FIFOPolicy,S000_F010,130,135,123,0,0
0,FIFOPolicy,S000_F011,192,209,191,0,0
0,FIFOPolicy,S000_F012,236,244,217,0,0
0,FIFOPolicy,S000_F013,121,134,120,0,0
0,FIFOPolicy,S000_F014,193,207,182,0,0
0,FIFOPolicy,S000_F015,285,316,277,0,0
0,FIFOPolicy,S000_F016,166,178,167,1,1000
0,FIFOPolicy,S000_F017,261,292,264,3,1200
0,FIFOPolicy,S000_F018,185,207,177,0,0
0,FIFOPolicy,S000_F019,196,198,174,0,0
1,FIFOPolicy,S001_F000,290,317,283,0,0
1,FIFOPolicy,S001_F001,154,167,150,0,0
1,FIFOPolicy,S001_F002,275,313,279,4,1900
1,FIFOPolicy,S001_F003,107,115,102,0,0
1,FIFOPolicy,S001_F004,255,289,249,0,0
1,FIFOPolicy,S001_F005,195,204,182,0,0
1,FIFOPolicy,S001_F006,244,245,220,0,0
1,FIFOPolicy,S001_F007,139,154,139,0,0
1,FIFOPolicy,S001_F008,281,321,291,10,3100
1,FIFOPolicy,S001_F009,166,169,155,0,0
1,FIFOPolicy,S001_F010,155,165,157,2,400
1,FIFOPolicy,S001_F011,114,118,104,0,0
1,FIFOPolicy,S001_F012,171,188,170,0,0
1,FIFOPolicy,S001_F013,151,151,134,0,0
1,FIFOPolicy,S001_F014,206,236,214,8,2700
1,FIFOPolicy,S001_F015,216,244,221,5,1900
1,FIFOPolicy,S001_F016,131,138,124,0,0
1,FIFOPolicy,S001_F017,269,277,249,0,0
1,FIFOPolicy,S001_F018,105,118,105,0,0
1,FIFOPolicy,S001_F019,187,189,162,0,0
2,FIFOPolicy,S002_F000,100,105,90,0,0
2,FIFOPolicy,S002_F001,211,212,187,0,0
2,FIFOPolicy,S002_F002,272,272,249,0,0
2,FIFOPolicy,S002_F003,102,110,102,0,0
2,FIFOPolicy,S002_F004,199,207,186,0,0
2,FIFOPolicy,S002_F005,164,176,159,0,0
2,FIFOPolicy,S002_F006,130,146,130,0,0
2,FIFOPolicy,S002_F007,157,164,147,0,0
2,FIFOPolicy,S002_F008,282,312,280,0,0
2,FIFOPolicy,S002_F009,282,308,273,0,0
2,FIFOPolicy,S002_F010,243,266,244,1,200
2,FIFOPolicy,S002_F011,201,203,173,0,0
2,FIFOPolicy,S002_F012,299,336,302,3,600
2,FIFOPolicy,S002_F013,272,273,251,0,0
2,FIFOPolicy,S002_F014,259,270,243,0,0
2,FIFOPolicy,S002_F015,263,266,252,0,0
2,FIFOPolicy,S002_F016,244,253,222,0,0
2,FIFOPolicy,S002_F017,204,227,208,4,1600
2,FIFOPolicy,S002_F018,175,178,159,0,0
2,FIFOPolicy,S002_F019,249,255,234,0,0
3,FIFOPolicy,S003_F000,268,300,262,0,0
3,FIFOPolicy,S003_F001,168,178,166,0,0
3,FIFOPolicy,S003_F002,285,291,252,0,0
3,FIFOPolicy,S003_F003,290,332,298,8,3600
3,FIFOPolicy,S003_F004,158,172,158,0,0
3,FIFOPolicy,S003_F005,182,187,168,0,0
3,FIFOPolicy,S003_F006,288,288,254,0,0
3,FIFOPolicy,S003_F007,170,193,172,2,700
3,FIFOPolicy,S003_F008,145,157,139,0,0
3,FIFOPolicy,S003_F009,181,192,169,0,0
3,FIFOPolicy,S003_F010,274,302,266,0,0
3,FIFOPolicy,S003_F011,246,277,242,0,0
3,FIFOPolicy,S003_F012,278,292,263,0,0
3,FIFOPolicy,S003_F013,149,149,130,0,0
3,FIFOPolicy,S003_F014,143,155,138,0,0
3,FIFOPolicy,S003_F015,295,334,301,6,2300
3,FIFOPolicy,S003_F016,251,251,220,0,0
3,FIFOPolicy,S003_F017,161,164,149,0,0
3,FIFOPolicy,S003_F018,261,286,256,0,0
3,FIFOPolicy,S003_F019,187,210,186,0,0
4,FIFOPolicy,S004_F000,215,232,209,0,0
4,FIFOPolicy,S004_F001,278,313,278,0,0
4,FIFOPolicy,S004_F002,170,193,171,1,200
4,FIFOPolicy,S004_F003,119,132,120,1,200
4,FIFOPolicy,S004_F004,292,325,295,3,900
4,FIFOPolicy,S004_F005,108,108,101,0,0
4,FIFOPolicy,S004_F006,195,210,194,0,0
4,FIFOPolicy,S004_F007,107,118,105,0,0
4,FIFOPolicy,S004_F008,234,258,225,0,0
4,FIFOPolicy,S004_F009,272,306,273,1,200
4,FIFOPolicy,S004_F010,172,174,160,0,0
4,FIFOPolicy,S004_F011,278,293,263,0,0
4,FIFOPolicy,S004_F012,105,106,99,0,0
4,FIFOPolicy,S004_F013,228,249,224,0,0
4,FIFOPolicy,S004_F014,173,191,167,0,0
4,FIFOPolicy,S004_F015,169,175,147,0,0
4,FIFOPolicy,S004_F016,142,147,132,0,0
4,FIFOPolicy,S004_F017,138,147,136,0,0
4,FIFOPolicy,S004_F018,256,274,257,1,500
4,FIFOPolicy,S004_F019,251,263,237,0,0
5,FIFOPolicy,S005_F000,294,330,294,0,0
5,FIFOPolicy,S005_F001,176,196,182,6,2600
5,FIFOPolicy,S005_F002,140,143,132,0,0
5,FIFOPolicy,S005_F003,290,311,288,0,0
5,FIFOPolicy,S005_F004,191,202,186,0,0
5,FIFOPolicy,S005_F005,109,109,98,0,0
5,FIFOPolicy,S005_F006,198,220,203,5,1300
5,FIFOPolicy,S005_F007,219,224,197,0,0
5,FIFOPolicy,S005_F008,162,169,150,0,0
5,FIFOPolicy,S005_F009,135,145,135,0,0
5,FIFOPolicy,S005_F010,285,310,277,0,0
5,FIFOPolicy,S005_F011,205,218,194,0,0
5,FIFOPolicy,S005_F012,124,134,118,0,0
5,FIFOPolicy,S005_F013,209,226,201,0,0
5,FIFOPolicy,S005_F014,145,163,150,5,1300
5,FIFOPolicy,S005_F015,206,224,203,0,0
5,FIFOPolicy,S005_F016,170,171,158,0,0
5,FIFOPolicy,S005_F017,213,237,217,4,2700
5,FIFOPolicy,S005_F018,158,169,154,0,0
5,FIFOPolicy,S005_F019,221,233,211,0,0
6,FIFOPolicy,S006_F000,171,177,162,0,0
6,FIFOPolicy,S006_F001,236,244,215,0,0
6,FIFOPolicy,S006_F002,118,118,103,0,0
6,FIFOPolicy,S006_F003,165,174,153,0,0
6,FIFOPolicy,S006_F004,234,257,225,0,0
6,FIFOPolicy,S006_F005,229,245,227,0,0
6,FIFOPolicy,S006_F006,133,134,119,0,0
6,FIFOPolicy,S006_F007,114,123,107,0,0
6,FIFOPolicy,S006_F008,249,273,252,3,900
6,FIFOPolicy,S006_F009,197,201,183,0,0
6,FIFOPolicy,S006_F010,195,200,184,0,0
6,FIFOPolicy,S006_F011,131,145,128,0,0
6,FIFOPolicy,S006_F012,158,178,163,5,2100
6,FIFOPolicy,S006_F013,106,117,110,4,1600
6,FIFOPolicy,S006_F014,176,182,166,0,0
6,FIFOPolicy,S006_F015,290,317,285,0,0
6,FIFOPolicy,S006_F016,225,235,215,0,0
6,FIFOPolicy,S006_F017,237,242,226,0,0
6,FIFOPolicy,S006_F018,108,123,112,4,1600
6,FIFOPolicy,S006_F019,269,278,254,0,0
7,FIFOPolicy,S007_F000,214,245,221,7,2500
7,FIFOPolicy,S007_F001,204,224,196,0,0
7,FIFOPolicy,S007_F002,218,247,223,5,1000
7,FIFOPolicy,S007_F003,254,276,246,0,0
7,FIFOPolicy,S007_F004,261,262,223,0,0
7,FIFOPolicy,S007_F005,299,309,269,0,0
7,FIFOPolicy,S007_F006,125,140,133,8,4300
7,FIFOPolicy,S007_F007,287,328,290,3,900
7,FIFOPolicy,S007_F008,114,126,115,1,200
7,FIFOPolicy,S007_F009,294,322,293,0,0
7,FIFOPolicy,S007_F010,197,225,191,0,0
7,FIFOPolicy,S007_F011,106,114,103,0,0
7,FIFOPolicy,S007_F012,269,286,255,0,0
7,FIFOPolicy,S007_F013,205,235,221,16,6200
7,FIFOPolicy,S007_F014,277,277,248,0,0
7,FIFOPolicy,S007_F015,283,303,272,0,0
7,FIFOPolicy,S007_F016,257,290,267,10,2300
7,FIFOPolicy,S007_F017,218,246,216,0,0
7,FIFOPolicy,S007_F018,102,109,96,0,0
7,FIFOPolicy,S007_F019,135,136,125,0,0
8,FIFOPolicy,S008_F000,197,220,199,2,400
8,FIFOPolicy,S008_F001,219,229,198,0,0
8,FIFOPolicy,S008_F002,226,237,223,0,0
8,FIFOPolicy,S008_F003,231,249,220,0,0
8,FIFOPolicy,S008_F004,137,156,138,1,200
8,FIFOPolicy,S008_F005,179,193,168,0,0
8,FIFOPolicy,S008_F006,271,297,269,0,0
8,FIFOPolicy,S008_F007,286,328,288,2,1000
8,FIFOPolicy,S008_F008,124,136,120,0,0
8,FIFOPolicy,S008_F009,104,107,100,0,0
8,FIFOPolicy,S008_F010,151,171,152,1,200
8,FIFOPolicy,S008_F011,186,204,182,0,0
8,FIFOPolicy,S008_F012,121,137,119,0,0
8,FIFOPolicy,S008_F013,139,139,120,0,0
8,FIFOPolicy,S008_F014,279,312,277,0,0
8,FIFOPolicy,S008_F015,264,300,264,0,0
8,FIFOPolicy,S008_F016,209,212,190,0,0
8,FIFOPolicy,S008_F017,167,184,166,0,0
8,FIFOPolicy,S008_F018,100,105,98,0,0
8,FIFOPolicy,S008_F019,121,136,123,2,400
9,FIFOPolicy,S009_F000,144,144,135,0,0
9,FIFOPolicy,S009_F001,221,236,217,0,0
9,FIFOPolicy,S009_F002,235,239,215,0,0
9,FIFOPolicy,S009_F003,102,110,96,0,0
9,FIFOPolicy,S009_F004,183,191,170,0,0
9,FIFOPolicy,S009_F005,170,183,165,0,0
9,FIFOPolicy,S009_F006,248,250,220,0,0
9,FIFOPolicy,S009_F007,240,256,227,0,0
9,FIFOPolicy,S009_F008,202,217,199,0,0
9,FIFOPolicy,S009_F009,217,237,213,0,0
9,FIFOPolicy,S009_F010,159,174,159,0,0
9,FIFOPolicy,S009_F011,132,136,123,0,0
9,FIFOPolicy,S009_F012,227,229,206,0,0
9,FIFOPolicy,S009_F013,150,170,152,2,1200
9,FIFOPolicy,S009_F014,284,286,250,0,0
9,FIFOPolicy,S009_F015,206,224,202,0,0
9,FIFOPolicy,S009_F016,208,219,195,0,0
9,FIFOPolicy,S009_F017,225,234,206,0,0
9,FIFOPolicy,S009_F018,118,120,102,0,0
9,FIFOPolicy,S009_F019,142,151,138,0,0
10,FIFOPolicy,S010_F000,107,121,101,0,0
10,FIFOPolicy,S010_F001,265,282,247,0,0
10,FIFOPolicy,S010_F002,151,166,154,3,600
10,FIFOPolicy,S010_F003,280,297,267,0,0
10,FIFOPolicy,S010_F004,177,187,172,0,0
10,FIFOPolicy,S010_F005,154,167,151,0,0
10,FIFOPolicy,S010_F006,149,154,133,0,0
10,FIFOPolicy,S010_F007,177,202,184,7,2000
10,FIFOPolicy,S010_F008,151,157,139,0,0
10,FIFOPolicy,S010_F009,178,191,165,0,0
10,FIFOPolicy,S010_F010,217,239,216,0,0
10,FIFOPolicy,S010_F011,131,139,123,0,0
10,FIFOPolicy,S010_F012,211,220,191,0,0
10,FIFOPolicy,S010_F013,212,213,191,0,0
10,FIFOPolicy,S010_F014,273,286,248,0,0
10,FIFOPolicy,S010_F015,154,175,152,0,0
10,FIFOPolicy,S010_F016,200,200,181,0,0
10,FIFOPolicy,S010_F017,194,194,167,0,0
10,FIFOPolicy,S010_F018,147,150,141,0,0
10,FIFOPolicy,S010_F019,284,308,267,0,0
11,FIFOPolicy,S011_F000,113,125,114,1,1000
11,FIFOPolicy,S011_F001,209,221,196,0,0
11,FIFOPolicy,S011_F002,221,237,215,0,0
11,FIFOPolicy,S011_F003,239,240,216,0,0
11,FIFOPolicy,S011_F004,110,121,113,3,1200
11,FIFOPolicy,S011_F005,127,130,117,0,0
11,FIFOPolicy,S011_F006,153,159,149,0,0
11,FIFOPolicy,S011_F007,292,328,283,0,0
11,FIFOPolicy,S011_F008,127,139,130,3,600
11,FIFOPolicy,S011_F009,154,165,144,0,0
11,FIFOPolicy,S011_F010,181,202,181,0,0
11,FIFOPolicy,S011_F011,187,206,181,0,0
11,FIFOPolicy,S011_F012,188,191,174,0,0
11,FIFOPolicy,S011_F013,250,252,217,0,0
11,FIFOPolicy,S011_F014,255,279,249,0,0
11,FIFOPolicy,S011_F015,186,186,169,0,0
11,FIFOPolicy,S011_F016,144,164,149,5,1800
11,FIFOPolicy,S011_F017,298,329,296,0,0
11,FIFOPolicy,S011_F018,184,207,189,5,1300
11,FIFOPolicy,S011_F019,268,270,239,0,0
12,FIFOPolicy,S012_F000,162,171,150,0,0
12,FIFOPolicy,S012_F001,211,236,208,0,0
12,FIFOPolicy,S012_F002,282,287,267,0,0
12,FIFOPolicy,S012_F003,161,181,164,3,1400
12,FIFOPolicy,S012_F004,243,266,241,0,0
12,FIFOPolicy,S012_F005,100,102,83,0,0
12,FIFOPolicy,S012_F006,162,165,151,0,0
12,FIFOPolicy,S012_F007,249,261,224,0,0
12,FIFOPolicy,S012_F008,196,209,187,0,0
12,FIFOPolicy,S012_F009,148,157,144,0,0
12,FIFOPolicy,S012_F010,120,125,117,0,0
12,FIFOPolicy,S012_F011,220,222,192,0,0
12,FIFOPolicy,S012_F012,295,315,282,0,0
12,FIFOPolicy,S012_F013,276,278,258,0,0
12,FIFOPolicy,S012_F014,122,122,109,0,0
12,FIFOPolicy,S012_F015,237,253,231,0,0
12,FIFOPolicy,S012_F016,179,186,167,0,0
12,FIFOPolicy,S012_F017,197,219,197,0,0
12,FIFOPolicy,S012_F018,228,240,220,0,0
12,FIFOPolicy,S012_F019,200,215,190,0,0
13,FIFOPolicy,S013_F000,230,234,208,0,0
13,FIFOPolicy,S013_F001,121,122,115,0,0
13,FIFOPolicy,S013_F002,164,171,154,0,0
13,FIFOPolicy,S013_F003,107,120,112,5,1300
13,FIFOPolicy,S013_F004,141,151,138,0,0
13,FIFOPolicy,S013_F005,129,139,122,0,0
13,FIFOPolicy,S013_F006,176,191,173,0,0
13,FIFOPolicy,S013_F007,253,263,234,0,0
13,FIFOPolicy,S013_F008,189,209,194,5,2700
13,FIFOPolicy,S013_F009,277,286,259,0,0
13,FIFOPolicy,S013_F010,206,209,186,0,0
13,FIFOPolicy,S013_F011,226,248,223,0,0
13,FIFOPolicy,S013_F012,232,266,243,11,2500
13,FIFOPolicy,S013_F013,111,112,99,0,0
13,FIFOPolicy,S013_F014,188,207,183,0,0
13,FIFOPolicy,S013_F015,205,222,199,0,0
13,FIFOPolicy,S013_F016,235,236,215,0,0
13,FIFOPolicy,S013_F017,143,161,145,2,1200
13,FIFOPolicy,S013_F018,130,132,119,0,0
13,FIFOPolicy,S013_F019,144,150,139,0,0
14,FIFOPolicy,S014_F000,121,121,105,0,0
14,FIFOPolicy,S014_F001,203,226,207,4,1900
14,FIFOPolicy,S014_F002,100,107,105,5,1000
14,FIFOPolicy,S014_F003,235,246,224,0,0
14,FIFOPolicy,S014_F004,278,298,270,0,0
14,FIFOPolicy,S014_F005,103,115,100,0,0
14,FIFOPolicy,S014_F006,294,323,286,0,0
14,FIFOPolicy,S014_F007,259,291,254,0,0
14,FIFOPolicy,S014_F008,101,103,94,0,0
14,FIFOPolicy,S014_F009,206,236,204,0,0
14,FIFOPolicy,S014_F010,204,233,202,0,0
14,FIFOPolicy,S014_F011,102,114,105,3,600
14,FIFOPolicy,S014_F012,222,245,218,0,0
14,FIFOPolicy,S014_F013,153,172,154,1,200
14,FIFOPolicy,S014_F014,161,166,147,0,0
14,FIFOPolicy,S014_F015,181,200,179,0,0
14,FIFOPolicy,S014_F016,280,304,277,0,0
14,FIFOPolicy,S014_F017,110,124,120,10,2800
14,FIFOPolicy,S014_F018,248,254,225,0,0
14,FIFOPolicy,S014_F019,139,142,130,0,0
15,FIFOPolicy,S015_F000,253,263,242,0,0
15,FIFOPolicy,S015_F001,161,163,151,0,0
15,FIFOPolicy,S015_F002,128,134,120,0,0
15,FIFOPolicy,S015_F003,296,302,270,0,0
15,FIFOPolicy,S015_F004,111,119,108,0,0
15,FIFOPolicy,S015_F005,156,164,145,0,0
15,FIFOPolicy,S015_F006,209,237,203,0,0
15,FIFOPolicy,S015_F007,221,254,224,3,600
15,FIFOPolicy,S015_F008,153,167,149,0,0
15,FIFOPolicy,S015_F009,158,161,148,0,0
15,FIFOPolicy,S015_F010,210,240,213,3,900
15,FIFOPolicy,S015_F011,155,161,146,0,0
15,FIFOPolicy,S015_F012,247,264,228,0,0
15,FIFOPolicy,S015_F013,258,265,233,0,0
15,FIFOPolicy,S015_F014,142,157,144,2,400
15,FIFOPolicy,S015_F015,262,299,271,9,3400
15,FIFOPolicy,S015_F016,140,140,125,0,0
15,FIFOPolicy,S015_F017,273,300,266,0,0
15,FIFOPolicy,S015_F018,173,178,158,0,0
15,FIFOPolicy,S015_F019,294,313,284,0,0
16,FIFOPolicy,S016_F000,130,141,122,0,0
16,FIFOPolicy,S016_F001,231,237,222,0,0
16,FIFOPolicy,S016_F002,276,290,250,0,0
16,FIFOPolicy,S016_F003,221,250,217,0,0
16,FIFOPolicy,S016_F004,289,314,281,0,0
16,FIFOPolicy,S016_F005,172,190,175,3,600
16,FIFOPolicy,S016_F006,165,177,154,0,0
16,FIFOPolicy,S016_F007,207,219,200,0,0
16,FIFOPolicy,S016_F008,176,196,184,8,2800
16,FIFOPolicy,S016_F009,289,324,295,6,1200
16,FIFOPolicy,S016_F010,139,144,135,0,0
16,FIFOPolicy,S016_F011,204,218,198,0,0
16,FIFOPolicy,S016_F012,197,222,202,5,2600
16,FIFOPolicy,S016_F013,288,324,280,0,0
16,FIFOPolicy,S016_F014,100,112,100,0,0
16,FIFOPolicy,S016_F015,298,330,294,0,0
16,FIFOPolicy,S016_F016,123,123,115,0,0
16,FIFOPolicy,S016_F017,231,236,209,0,0
16,FIFOPolicy,S016_F018,178,196,177,0,0
16,FIFOPolicy,S016_F019,145,162,146,1,200
17,FIFOPolicy,S017_F000,239,240,216,0,0
17,FIFOPolicy,S017_F001,142,162,149,7,2000
17,FIFOPolicy,S017_F002,147,159,144,0,0
17,FIFOPolicy,S017_F003,293,325,293,0,0
17,FIFOPolicy,S017_F004,106,106,100,0,0
17,FIFOPolicy,S017_F005,195,211,185,0,0
17,FIFOPolicy,S017_F006,132,137,123,0,0
17,FIFOPolicy,S017_F007,162,182,163,1,200
17,FIFOPolicy,S017_F008,184,205,194,10,3600
17,FIFOPolicy,S017_F009,149,160,137,0,0
17,FIFOPolicy,S017_F010,214,241,220,6,1800
17,FIFOPolicy,S017_F011,142,144,127,0,0
17,FIFOPolicy,S017_F012,298,331,291,0,0
17,FIFOPolicy,S017_F013,266,268,241,0,0
17,FIFOPolicy,S017_F014,268,290,267,0,0
17,FIFOPolicy,S017_F015,162,166,150,0,0
17,FIFOPolicy,S017_F016,286,326,294,8,3200
17,FIFOPolicy,S017_F017,168,190,168,0,0
17,FIFOPolicy,S017_F018,150,151,135,0,0
17,FIFOPolicy,S017_F019,158,177,163,5,1800
18,FIFOPolicy,S018_F000,285,322,293,8,1900
18,FIFOPolicy,S018_F001,198,212,193,0,0
18,FIFOPolicy,S018_F002,113,118,110,0,0
18,FIFOPolicy,S018_F003,151,169,159,8,4300
18,FIFOPolicy,S018_F004,190,198,175,0,0
18,FIFOPolicy,S018_F005,186,193,179,0,0
18,FIFOPolicy,S018_F006,217,229,206,0,0
18,FIFOPolicy,S018_F007,295,338,298,3,600
18,FIFOPolicy,S018_F008,146,162,147,1,200
18,FIFOPolicy,S018_F009,129,147,132,3,900
18,FIFOPolicy,S018_F010,256,263,235,0,0
18,FIFOPolicy,S018_F011,276,284,267,0,0
18,FIFOPolicy,S018_F012,233,252,223,0,0
18,FIFOPolicy,S018_F013,112,123,110,0,0
18,FIFOPolicy,S018_F014,291,295,269,0,0
18,FIFOPolicy,S018_F015,207,234,213,6,2600
18,FIFOPolicy,S018_F016,133,146,124,0,0
18,FIFOPolicy,S018_F017,264,268,240,0,0
18,FIFOPolicy,S018_F018,242,278,252,10,2600
18,FIFOPolicy,S018_F019,164,164,147,0,0
19,FIFOPolicy,S019_F000,125,127,112,0,0
19,FIFOPolicy,S019_F001,183,208,183,0,0
19,FIFOPolicy,S019_F002,276,295,263,0,0
19,FIFOPolicy,S019_F003,286,328,292,6,2000
19,FIFOPolicy,S019_F004,129,139,124,0,0
19,FIFOPolicy,S019_F005,286,320,293,7,1700
19,FIFOPolicy,S019_F006,155,159,140,0,0
19,FIFOPolicy,S019_F007,201,226,211,10,3400
19,FIFOPolicy,S019_F008,133,142,127,0,0
19,FIFOPolicy,S019_F009,189,189,166,0,0
19,FIFOPolicy,S019_F010,123,126,113,0,0
19,FIFOPolicy,S019_F011,190,216,187,0,0
19,FIFOPolicy,S019_F012,215,228,207,0,0
19,FIFOPolicy,S019_F013,243,250,228,0,0
19,FIFOPolicy,S019_F014,227,251,229,2,1200
19,FIFOPolicy,S019_F015,221,252,228,7,2800
19,FIFOPolicy,S019_F016,203,231,205,2,400
19,FIFOPolicy,S019_F017,227,259,228,1,500
19,FIFOPolicy,S019_F018,245,245,226,0,0
19,FIFOPolicy,S019_F019,146,160,151,5,1300
20,FIFOPolicy,S020_F000,144,153,135,0,0
20,FIFOPolicy,S020_F001,246,259,232,0,0
20,FIFOPolicy,S020_F002,148,152,135,0,0
20,FIFOPolicy,S020_F003,227,252,221,0,0
20,FIFOPolicy,S020_F004,275,316,281,6,2600
20,FIFOPolicy,S020_F005,293,293,263,0,0
20,FIFOPolicy,S020_F006,106,117,107,1,200
20,FIFOPolicy,S020_F007,286,286,262,0,0
20,FIFOPolicy,S020_F008,198,226,204,6,1500
20,FIFOPolicy,S020_F009,170,173,159,0,0
20,FIFOPolicy,S020_F010,259,272,251,0,0
20,FIFOPolicy,S020_F011,247,275,251,4,1100
20,FIFOPolicy,S020_F012,202,217,191,0,0
20,FIFOPolicy,S020_F013,290,297,261,0,0
20,FIFOPolicy,S020_F014,212,229,207,0,0
20,FIFOPolicy,S020_F015,232,248,216,0,0
20,FIFOPolicy,S020_F016,151,153,137,0,0
20,FIFOPolicy,S020_F017,217,224,195,0,0
20,FIFOPolicy,S020_F018,213,239,215,2,1200
20,FIFOPolicy,S020_F019,272,308,283,11,3900
21,FIFOPolicy,S021_F000,109,110,103,0,0
21,FIFOPolicy,S021_F001,201,206,188,0,0
21,FIFOPolicy,S021_F002,134,148,133,0,0
21,FIFOPolicy,S021_F003,166,172,153,0,0
21,FIFOPolicy,S021_F004,232,243,223,0,0
21,FIFOPolicy,S021_F005,106,121,111,5,1800
21,FIFOPolicy,S021_F006,255,263,233,0,0
21,FIFOPolicy,S021_F007,276,278,254,0,0
21,FIFOPolicy,S021_F008,272,285,261,0,0
21,FIFOPolicy,S021_F009,192,195,182,0,0
21,FIFOPolicy,S021_F010,126,138,122,0,0
21,FIFOPolicy,S021_F011,169,178,164,0,0
21,FIFOPolicy,S021_F012,255,262,247,0,0
21,FIFOPolicy,S021_F013,173,182,168,0,0
21,FIFOPolicy,S021_F014,249,254,228,0,0
21,FIFOPolicy,S021_F015,154,160,151,0,0
21,FIFOPolicy,S021_F016,110,117,110,0,0
21,FIFOPolicy,S021_F017,159,174,153,0,0
21,FIFOPolicy,S021_F018,236,239,219,0,0
21,FIFOPolicy,S021_F019,144,155,138,0,0
22,FIFOPolicy,S022_F000,293,334,295,2,1500
22,FIFOPolicy,S022_F001,139,145,135,0,0
22,FIFOPolicy,S022_F002,129,131,120,0,0
22,FIFOPolicy,S022_F003,147,152,133,0,0
22,FIFOPolicy,S022_F004,294,304,278,0,0
22,FIFOPolicy,S022_F005,129,144,128,0,0
22,FIFOPolicy,S022_F006,251,274,239,0,0
22,FIFOPolicy,S022_F007,230,245,216,0,0
22,FIFOPolicy,S022_F008,225,258,236,11,3100
22,FIFOPolicy,S022_F009,189,216,190,1,200
22,FIFOPolicy,S022_F010,142,162,145,3,1200
22,FIFOPolicy,S022_F011,231,246,217,0,0
22,FIFOPolicy,S022_F012,218,224,211,0,0
22,FIFOPolicy,S022_F013,275,305,270,0,0
22,FIFOPolicy,S022_F014,116,126,112,0,0
22,FIFOPolicy,S022_F015,118,118,100,0,0
22,FIFOPolicy,S022_F016,282,316,285,3,900
22,FIFOPolicy,S022_F017,114,121,111,0,0
22,FIFOPolicy,S022_F018,179,189,163,0,0
22,FIFOPolicy,S022_F019,201,218,196,0,0
23,FIFOPolicy,S023_F000,291,302,279,0,0
23,FIFOPolicy,S023_F001,190,211,187,0,0
23,FIFOPolicy,S023_F002,171,174,158,0,0
23,FIFOPolicy,S023_F003,101,115,108,7,1400
23,FIFOPolicy,S023_F004,137,152,141,4,1100
23,FIFOPolicy,S023_F005,288,320,294,6,2300
23,FIFOPolicy,S023_F006,245,246,218,0,0
23,FIFOPolicy,S023_F007,286,317,284,0,0
23,FIFOPolicy,S023_F008,227,234,212,0,0
23,FIFOPolicy,S023_F009,270,277,247,0,0
23,FIFOPolicy,S023_F010,265,304,281,16,7000
23,FIFOPolicy,S023_F011,165,178,150,0,0
23,FIFOPolicy,S023_F012,265,287,252,0,0
23,FIFOPolicy,S023_F013,298,324,294,0,0
23,FIFOPolicy,S023_F014,178,202,180,2,700
23,FIFOPolicy,S023_F015,248,282,233,0,0
23,FIFOPolicy,S023_F016,184,199,179,0,0
23,FIFOPolicy,S023_F017,235,251,232,0,0
23,FIFOPolicy,S023_F018,194,222,193,0,0
23,FIFOPolicy,S023_F019,157,162,143,0,0
24,FIFOPolicy,S024_F000,267,293,266,0,0
24,FIFOPolicy,S024_F001,145,164,146,1,1000
24,FIFOPolicy,S024_F002,207,219,203,0,0
24,FIFOPolicy,S024_F003,250,257,232,0,0
24,FIFOPolicy,S024_F004,277,299,260,0,0
24,FIFOPolicy,S024_F005,266,290,266,0,0
24,FIFOPolicy,S024_F006,168,178,163,0,0
24,FIFOPolicy,S024_F007,194,210,182,0,0
24,FIFOPolicy,S024_F008,123,138,126,3,900
24,FIFOPolicy,S024_F009,271,296,275,4,1600
24,FIFOPolicy,S024_F010,246,280,252,6,2300
24,FIFOPolicy,S024_F011,100,112,101,1,200
24,FIFOPolicy,S024_F012,141,144,130,0,0
24,FIFOPolicy,S024_F013,300,344,315,15,4900
24,FIFOPolicy,S024_F014,247,276,248,1,500
24,FIFOPolicy,S024_F015,127,134,126,0,0
24,FIFOPolicy,S024_F016,229,242,220,0,0
24,FIFOPolicy,S024_F017,213,242,219,6,2300
24,FIFOPolicy,S024_F018,151,166,155,4,1400
24,FIFOPolicy,S024_F019,291,299,276,0,0
25,FIFOPolicy,S025_F000,287,316,284,0,0
25,FIFOPolicy,S025_F001,237,254,215,0,0
25,FIFOPolicy,S025_F002,146,164,148,2,700
25,FIFOPolicy,S025_F003,189,207,184,0,0
25,FIFOPolicy,S025_F004,245,268,238,0,0
25,FIFOPolicy,S025_F005,143,144,130,0,0
25,FIFOPolicy,S025_F006,180,185,166,0,0
25,FIFOPolicy,S025_F007,214,216,185,0,0
25,FIFOPolicy,S025_F008,136,143,128,0,0
25,FIFOPolicy,S025_F009,210,215,195,0,0
25,FIFOPolicy,S025_F010,132,149,131,0,0
25,FIFOPolicy,S025_F011,258,280,243,0,0
25,FIFOPolicy,S025_F012,134,137,126,0,0
25,FIFOPolicy,S025_F013,114,122,111,0,0
25,FIFOPolicy,S025_F014,253,279,250,0,0
25,FIFOPolicy,S025_F015,152,171,150,0,0
25,FIFOPolicy,S025_F016,277,285,255,0,0
25,FIFOPolicy,S025_F017,263,268,243,0,0
25,FIFOPolicy,S025_F018,283,314,286,3,900
25,FIFOPolicy,S025_F019,143,162,145,2,400
26,FIFOPolicy,S026_F000,217,242,211,0,0
26,FIFOPolicy,S026_F001,227,234,204,0,0
26,FIFOPolicy,S026_F002,196,212,196,0,0
26,FIFOPolicy,S026_F003,295,326,293,0,0
26,FIFOPolicy,S026_F004,210,227,212,2,400
26,FIFOPolicy,S026_F005,121,125,107,0,0
26,FIFOPolicy,S026_F006,244,264,240,0,0
26,FIFOPolicy,S026_F007,176,200,181,5,1300
26,FIFOPolicy,S026_F008,273,300,271,0,0
26,FIFOPolicy,S026_F009,108,113,100,0,0
26,FIFOPolicy,S026_F010,146,166,144,0,0
26,FIFOPolicy,S026_F011,127,139,125,0,0
26,FIFOPolicy,S026_F012,122,139,127,5,2100
26,FIFOPolicy,S026_F013,290,319,291,1,500
26,FIFOPolicy,S026_F014,126,142,135,9,2700
26,FIFOPolicy,S026_F015,270,293,274,4,1900
26,FIFOPolicy,S026_F016,243,272,241,0,0
26,FIFOPolicy,S026_F017,195,207,177,0,0
26,FIFOPolicy,S026_F018,165,186,168,3,600
26,FIFOPolicy,S026_F019,257,292,266,9,4300
27,FIFOPolicy,S027_F000,122,136,125,3,600
27,FIFOPolicy,S027_F001,130,146,133,3,600
27,FIFOPolicy,S027_F002,124,135,124,0,0
27,FIFOPolicy,S027_F003,164,165,145,0,0
27,FIFOPolicy,S027_F004,162,173,156,0,0
27,FIFOPolicy,S027_F005,237,268,242,5,2400
27,FIFOPolicy,S027_F006,147,164,151,4,2200
27,FIFOPolicy,S027_F007,208,212,186,0,0
27,FIFOPolicy,S027_F008,168,180,167,0,0
27,FIFOPolicy,S027_F009,206,234,214,8,2400
27,FIFOPolicy,S027_F010,278,286,260,0,0
27,FIFOPolicy,S027_F011,292,324,290,0,0
27,FIFOPolicy,S027_F012,245,263,239,0,0
27,FIFOPolicy,S027_F013,198,223,202,4,1100
27,FIFOPolicy,S027_F014,245,246,227,0,0
27,FIFOPolicy,S027_F015,272,286,259,0,0
27,FIFOPolicy,S027_F016,240,251,233,0,0
27,FIFOPolicy,S027_F017,223,246,216,0,0
27,FIFOPolicy,S027_F018,144,149,133,0,0
27,FIFOPolicy,S027_F019,239,260,232,0,0
28,FIFOPolicy,S028_F000,130,144,130,0,0
28,FIFOPolicy,S028_F001,153,163,144,0,0
28,FIFOPolicy,S028_F002,287,293,258,0,0
28,FIFOPolicy,S028_F003,200,228,204,4,1600
28,FIFOPolicy,S028_F004,243,264,234,0,0
28,FIFOPolicy,S028_F005,179,190,166,0,0
28,FIFOPolicy,S028_F006,108,116,109,1,200
28,FIFOPolicy,S028_F007,296,324,288,0,0
28,FIFOPolicy,S028_F008,176,193,172,0,0
28,FIFOPolicy,S028_F009,143,145,126,0,0
28,FIFOPolicy,S028_F010,296,315,283,0,0
28,FIFOPolicy,S028_F011,200,206,186,0,0
28,FIFOPolicy,S028_F012,114,126,114,0,0
28,FIFOPolicy,S028_F013,169,182,164,0,0
28,FIFOPolicy,S028_F014,145,153,134,0,0
28,FIFOPolicy,S028_F015,133,142,122,0,0
28,FIFOPolicy,S028_F016,276,307,271,0,0
28,FIFOPolicy,S028_F017,278,297,266,0,0
28,FIFOPolicy,S028_F018,268,269,249,0,0
28,FIFOPolicy,S028_F019,112,127,114,2,1200
29,FIFOPolicy,S029_F000,276,317,286,10,3700
29,FIFOPolicy,S029_F001,243,249,223,0,0
29,FIFOPolicy,S029_F002,145,163,148,3,1400
29,FIFOPolicy,S029_F003,186,209,188,2,1200
29,FIFOPolicy,S029_F004,238,261,224,0,0
29,FIFOPolicy,S029_F005,223,235,212,0,0
29,FIFOPolicy,S029_F006,209,232,197,0,0
29,FIFOPolicy,S029_F007,254,285,260,6,2600
29,FIFOPolicy,S029_F008,288,328,287,0,0
29,FIFOPolicy,S029_F009,260,294,267,7,3300
29,FIFOPolicy,S029_F010,138,153,135,0,0
29,FIFOPolicy,S029_F011,108,123,116,8,2200
29,FIFOPolicy,S029_F012,282,303,270,0,0
29,FIFOPolicy,S029_F013,195,199,177,0,0
29,FIFOPolicy,S029_F014,181,188,159,0,0
29,FIFOPolicy,S029_F015,289,289,257,0,0
29,FIFOPolicy,S029_F016,218,245,222,4,1600
29,FIFOPolicy,S029_F017,280,303,279,0,0
29,FIFOPolicy,S029_F018,143,158,141,0,0
29,FIFOPolicy,S029_F019,220,226,198,0,0
30,FIFOPolicy,S030_F000,156,165,145,0,0
30,FIFOPolicy,S030_F001,156,167,146,0,0
30,FIFOPolicy,S030_F002,214,240,215,1,200
30,FIFOPolicy,S030_F003,177,193,174,0,0
30,FIFOPolicy,S030_F004,248,260,234,0,0
30,FIFOPolicy,S030_F005,275,306,278,3,1400
30,FIFOPolicy,S030_F006,144,161,142,0,0
30,FIFOPolicy,S030_F007,277,289,255,0,0
30,FIFOPolicy,S030_F008,101,104,97,0,0
30,FIFOPolicy,S030_F009,182,201,182,0,0
30,FIFOPolicy,S030_F010,223,238,217,0,0
30,FIFOPolicy,S030_F011,257,271,242,0,0
30,FIFOPolicy,S030_F012,226,227,206,0,0
30,FIFOPolicy,S030_F013,266,276,253,0,0
30,FIFOPolicy,S030_F014,184,190,169,0,0
30,FIFOPolicy,S030_F015,279,303,278,0,0
30,FIFOPolicy,S030_F016,107,107,95,0,0
30,FIFOPolicy,S030_F017,234,259,238,4,1400
30,FIFOPolicy,S030_F018,232,261,235,3,600
30,FIFOPolicy,S030_F019,294,326,293,0,0
31,FIFOPolicy,S031_F000,146,152,141,0,0
31,FIFOPolicy,S031_F001,250,257,232,0,0
31,FIFOPolicy,S031_F002,110,120,109,0,0
31,FIFOPolicy,S031_F003,181,196,176,0,0
31,FIFOPolicy,S031_F004,240,256,229,0,0
31,FIFOPolicy,S031_F005,164,173,153,0,0
31,FIFOPolicy,S031_F006,282,293,265,0,0
31,FIFOPolicy,S031_F007,193,221,200,7,2800
31,FIFOPolicy,S031_F008,108,114,101,0,0
31,FIFOPolicy,S031_F009,137,139,129,0,0
31,FIFOPolicy,S031_F010,258,261,231,0,0
31,FIFOPolicy,S031_F011,241,241,217,0,0
31,FIFOPolicy,S031_F012,188,198,188,0,0
31,FIFOPolicy,S031_F013,186,199,181,0,0
31,FIFOPolicy,S031_F014,274,314,276,2,400
31,FIFOPolicy,S031_F015,270,271,245,0,0
31,FIFOPolicy,S031_F016,150,152,137,0,0
31,FIFOPolicy,S031_F017,126,133,119,0,0
31,FIFOPolicy,S031_F018,272,311,284,12,4100
31,FIFOPolicy,S031_F019,162,165,145,0,0
32,FIFOPolicy,S032_F000,117,120,107,0,0
32,FIFOPolicy,S032_F001,200,208,185,0,0
32,FIFOPolicy,S032_F002,277,301,272,0,0
32,FIFOPolicy,S032_F003,104,109,100,0,0
32,FIFOPolicy,S032_F004,192,219,199,7,1400
32,FIFOPolicy,S032_F005,164,182,168,4,1600
32,FIFOPolicy,S032_F006,255,262,237,0,0
32,FIFOPolicy,S032_F007,179,193,166,0,0
32,FIFOPolicy,S032_F008,221,235,209,0,0
32,FIFOPolicy,S032_F009,282,297,264,0,0
32,FIFOPolicy,S032_F010,181,194,181,0,0
32,FIFOPolicy,S032_F011,104,108,97,0,0
32,FIFOPolicy,S032_F012,162,181,171,9,3700
32,FIFOPolicy,S032_F013,267,297,264,0,0
32,FIFOPolicy,S032_F014,107,116,103,0,0
32,FIFOPolicy,S032_F015,258,280,254,0,0
32,FIFOPolicy,S032_F016,187,210,195,8,4600
32,FIFOPolicy,S032_F017,255,291,269,14,3900
32,FIFOPolicy,S032_F018,104,112,98,0,0
32,FIFOPolicy,S032_F019,115,126,115,0,0
33,FIFOPolicy,S033_F000,260,293,265,5,1000
33,FIFOPolicy,S033_F001,112,126,113,1,200
33,FIFOPolicy,S033_F002,221,231,207,0,0
33,FIFOPolicy,S033_F003,245,248,225,0,0
33,FIFOPolicy,S033_F004,288,303,262,0,0
33,FIFOPolicy,S033_F005,201,205,181,0,0
33,FIFOPolicy,S033_F006,253,267,235,0,0
33,FIFOPolicy,S033_F007,274,293,266,0,0
33,FIFOPolicy,S033_F008,186,212,191,5,2600
33,FIFOPolicy,S033_F009,239,241,220,0,0
33,FIFOPolicy,S033_F010,291,295,259,0,0
33,FIFOPolicy,S033_F011,219,247,217,0,0
33,FIFOPolicy,S033_F012,135,140,123,0,0
33,FIFOPolicy,S033_F013,299,340,307,8,2700
33,FIFOPolicy,S033_F014,281,284,250,0,0
33,FIFOPolicy,S033_F015,271,272,241,0,0
33,FIFOPolicy,S033_F016,228,231,206,0,0
33,FIFOPolicy,S033_F017,181,187,169,0,0
33,FIFOPolicy,S033_F018,196,217,206,10,2600
33,FIFOPolicy,S033_F019,228,252,217,0,0
34,FIFOPolicy,S034_F000,182,209,192,10,3700
34,FIFOPolicy,S034_F001,213,243,223,10,5200
34,FIFOPolicy,S034_F002,126,126,110,0,0
34,FIFOPolicy,S034_F003,200,200,176,0,0
34,FIFOPolicy,S034_F004,293,295,263,0,0
34,FIFOPolicy,S034_F005,170,173,158,0,0
34,FIFOPolicy,S034_F006,129,129,108,0,0
34,FIFOPolicy,S034_F007,222,245,225,3,900
34,FIFOPolicy,S034_F008,267,267,249,0,0
34,FIFOPolicy,S034_F009,167,174,152,0,0
34,FIFOPolicy,S034_F010,137,142,129,0,0
34,FIFOPolicy,S034_F011,279,281,250,0,0
34,FIFOPolicy,S034_F012,149,159,142,0,0
34,FIFOPolicy,S034_F013,175,182,172,0,0
34,FIFOPolicy,S034_F014,230,252,222,0,0
34,FIFOPolicy,S034_F015,173,178,155,0,0
34,FIFOPolicy,S034_F016,156,178,158,2,400
34,FIFOPolicy,S034_F017,254,263,236,0,0
34,FIFOPolicy,S034_F018,152,164,149,0,0
34,FIFOPolicy,S034_F019,239,259,232,0,0
35,FIFOPolicy,S035_F000,260,293,257,0,0
35,FIFOPolicy,S035_F001,197,209,195,0,0
35,FIFOPolicy,S035_F002,240,271,241,1,200
35,FIFOPolicy,S035_F003,200,227,205,5,1600
35,FIFOPolicy,S035_F004,224,234,209,0,0
35,FIFOPolicy,S035_F005,253,272,244,0,0
35,FIFOPolicy,S035_F006,294,320,290,0,0
35,FIFOPolicy,S035_F007,209,234,209,0,0
35,FIFOPolicy,S035_F008,224,229,202,0,0
35,FIFOPolicy,S035_F009,239,272,248,9,2100
35,FIFOPolicy,S035_F010,214,236,216,2,400
35,FIFOPolicy,S035_F011,183,199,177,0,0
35,FIFOPolicy,S035_F012,112,126,117,5,1300
35,FIFOPolicy,S035_F013,239,248,227,0,0
35,FIFOPolicy,S035_F014,238,269,245,7,2300
35,FIFOPolicy,S035_F015,195,199,179,0,0
35,FIFOPolicy,S035_F016,209,230,207,0,0
35,FIFOPolicy,S035_F017,139,139,125,0,0
35,FIFOPolicy,S035_F018,189,197,184,0,0
35,FIFOPolicy,S035_F019,299,309,283,0,0
36,FIFOPolicy,S036_F000,173,179,164,0,0
36,FIFOPolicy,S036_F001,205,232,210,5,1300
36,FIFOPolicy,S036_F002,101,106,88,0,0
36,FIFOPolicy,S036_F003,218,237,218,0,0
36,FIFOPolicy,S036_F004,101,106,100,0,0
36,FIFOPolicy,S036_F005,204,234,213,9,2900
36,FIFOPolicy,S036_F006,103,114,108,5,1300
36,FIFOPolicy,S036_F007,192,215,199,7,1400
36,FIFOPolicy,S036_F008,101,104,93,0,0
36,FIFOPolicy,S036_F009,270,282,251,0,0
36,FIFOPolicy,S036_F010,224,224,204,0,0
36,FIFOPolicy,S036_F011,204,219,203,0,0
36,FIFOPolicy,S036_F012,229,235,219,0,0
36,FIFOPolicy,S036_F013,165,165,143,0,0
36,FIFOPolicy,S036_F014,218,220,190,0,0
36,FIFOPolicy,S036_F015,238,255,227,0,0
36,FIFOPolicy,S036_F016,114,119,106,0,0
36,FIFOPolicy,S036_F017,171,185,171,0,0
36,FIFOPolicy,S036_F018,224,242,217,0,0
36,FIFOPolicy,S036_F019,213,226,200,0,0
37,FIFOPolicy,S037_F000,207,236,211,4,800
37,FIFOPolicy,S037_F001,156,156,139,0,0
37,FIFOPolicy,S037_F002,194,218,189,0,0
37,FIFOPolicy,S037_F003,142,159,139,0,0
37,FIFOPolicy,S037_F004,178,196,167,0,0
37,FIFOPolicy,S037_F005,263,301,269,6,3100
37,FIFOPolicy,S037_F006,292,330,289,0,0
37,FIFOPolicy,S037_F007,191,214,196,5,1800
37,FIFOPolicy,S037_F008,280,316,291,11,4300
37,FIFOPolicy,S037_F009,192,204,179,0,0
37,FIFOPolicy,S037_F010,207,224,200,0,0
37,FIFOPolicy,S037_F011,124,126,113,0,0
37,FIFOPolicy,S037_F012,276,313,276,0,0
37,FIFOPolicy,S037_F013,259,294,264,5,1600
37,FIFOPolicy,S037_F014,109,110,102,0,0
37,FIFOPolicy,S037_F015,214,244,213,0,0
37,FIFOPolicy,S037_F016,132,138,120,0,0
37,FIFOPolicy,S037_F017,229,263,245,16,5400
37,FIFOPolicy,S037_F018,173,192,173,0,0
37,FIFOPolicy,S037_F019,246,269,242,0,0
38,FIFOPolicy,S038_F000,136,146,129,0,0
38,FIFOPolicy,S038_F001,224,234,202,0,0
38,FIFOPolicy,S038_F002,120,134,115,0,0
38,FIFOPolicy,S038_F003,280,290,270,0,0
38,FIFOPolicy,S038_F004,141,144,129,0,0
38,FIFOPolicy,S038_F005,155,162,151,0,0
38,FIFOPolicy,S038_F006,103,105,93,0,0
38,FIFOPolicy,S038_F007,141,151,137,0,0
38,FIFOPolicy,S038_F008,145,150,135,0,0
38,FIFOPolicy,S038_F009,141,158,139,0,0
38,FIFOPolicy,S038_F010,234,253,220,0,0
38,FIFOPolicy,S038_F011,104,116,106,2,700
38,FIFOPolicy,S038_F012,127,142,126,0,0
38,FIFOPolicy,S038_F013,236,268,249,13,6100
38,FIFOPolicy,S038_F014,238,250,228,0,0
38,FIFOPolicy,S038_F015,136,137,124,0,0
38,FIFOPolicy,S038_F016,112,124,118,6,1500
38,FIFOPolicy,S038_F017,154,165,153,0,0
38,FIFOPolicy,S038_F018,221,223,195,0,0
38,FIFOPolicy,S038_F019,181,203,176,0,0
39,FIFOPolicy,S039_F000,206,229,210,4,1700
39,FIFOPolicy,S039_F001,284,310,275,0,0
39,FIFOPolicy,S039_F002,184,194,173,0,0
39,FIFOPolicy,S039_F003,211,226,198,0,0
39,FIFOPolicy,S039_F004,145,161,145,0,0
39,FIFOPolicy,S039_F005,140,143,133,0,0
39,FIFOPolicy,S039_F006,263,288,257,0,0
39,FIFOPolicy,S039_F007,252,265,233,0,0
39,FIFOPolicy,S039_F008,204,218,196,0,0
39,FIFOPolicy,S039_F009,206,232,213,7,3000
39,FIFOPolicy,S039_F010,159,175,168,9,2900
39,FIFOPolicy,S039_F011,225,240,214,0,0
39,FIFOPolicy,S039_F012,242,270,239,0,0
39,FIFOPolicy,S039_F013,171,195,167,0,0
39,FIFOPolicy,S039_F014,140,141,125,0,0
39,FIFOPolicy,S039_F015,282,285,257,0,0
39,FIFOPolicy,S039_F016,251,276,249,0,0
39,FIFOPolicy,S039_F017,267,306,271,4,1400
39,FIFOPolicy,S039_F018,133,148,126,0,0
39,FIFOPolicy,S039_F019,108,112,99,0,0
40,FIFOPolicy,S040_F000,119,123,114,0,0
40,FIFOPolicy,S040_F001,102,107,98,0,0
40,FIFOPolicy,S040_F002,188,210,191,3,1400
40,FIFOPolicy,S040_F003,210,215,188,0,0
40,FIFOPolicy,S040_F004,212,222,195,0,0
40,FIFOPolicy,S040_F005,256,262,227,0,0
40,FIFOPolicy,S040_F006,204,215,187,0,0
40,FIFOPolicy,S040_F007,208,234,205,0,0
40,FIFOPolicy,S040_F008,214,238,208,0,0
40,FIFOPolicy,S040_F009,251,254,217,0,0
40,FIFOPolicy,S040_F010,155,160,145,0,0
40,FIFOPolicy,S040_F011,220,231,207,0,0
40,FIFOPolicy,S040_F012,255,286,263,8,3000
40,FIFOPolicy,S040_F013,204,225,203,0,0
40,FIFOPolicy,S040_F014,263,282,248,0,0
40,FIFOPolicy,S040_F015,276,312,281,5,1300
40,FIFOPolicy,S040_F016,240,266,232,0,0
40,FIFOPolicy,S040_F017,131,134,117,0,0
40,FIFOPolicy,S040_F018,155,168,148,0,0
40,FIFOPolicy,S040_F019,149,152,136,0,0
41,FIFOPolicy,S041_F000,271,276,252,0,0
41,FIFOPolicy,S041_F001,160,178,165,5,1800
41,FIFOPolicy,S041_F002,262,286,259,0,0
41,FIFOPolicy,S041_F003,277,287,257,0,0
41,FIFOPolicy,S041_F004,225,244,226,1,200
41,FIFOPolicy,S041_F005,112,120,109,0,0
41,FIFOPolicy,S041_F006,295,305,270,0,0
41,FIFOPolicy,S041_F007,274,286,260,0,0
41,FIFOPolicy,S041_F008,251,277,248,0,0
41,FIFOPolicy,S041_F009,156,176,163,7,2500
41,FIFOPolicy,S041_F010,180,206,179,0,0
41,FIFOPolicy,S041_F011,243,267,241,0,0
41,FIFOPolicy,S041_F012,280,292,259,0,0
41,FIFOPolicy,S041_F013,185,208,189,4,1900
41,FIFOPolicy,S041_F014,113,113,106,0,0
41,FIFOPolicy,S041_F015,224,237,210,0,0
41,FIFOPolicy,S041_F016,232,241,221,0,0
41,FIFOPolicy,S041_F017,187,190,174,0,0
41,FIFOPolicy,S041_F018,144,154,136,0,0
41,FIFOPolicy,S041_F019,110,114,104,0,0
42,FIFOPolicy,S042_F000,212,232,208,0,0
42,FIFOPolicy,S042_F001,268,269,243,0,0
42,FIFOPolicy,S042_F002,131,149,137,6,1500
42,FIFOPolicy,S042_F003,272,289,255,0,0
42,FIFOPolicy,S042_F004,285,311,284,0,0
42,FIFOPolicy,S042_F005,272,293,275,3,1700
42,FIFOPolicy,S042_F006,124,141,126,2,400
42,FIFOPolicy,S042_F007,182,187,163,0,0
42,FIFOPolicy,S042_F008,228,244,223,0,0
42,FIFOPolicy,S042_F009,152,172,158,6,2000
42,FIFOPolicy,S042_F010,254,268,244,0,0
42,FIFOPolicy,S042_F011,170,191,171,1,200
42,FIFOPolicy,S042_F012,178,199,183,5,1800
42,FIFOPolicy,S042_F013,236,244,218,0,0
42,FIFOPolicy,S042_F014,275,284,263,0,0
42,FIFOPolicy,S042_F015,118,129,112,0,0
42,FIFOPolicy,S042_F016,173,197,179,6,2000
42,FIFOPolicy,S042_F017,192,215,189,0,0
42,FIFOPolicy,S042_F018,206,221,203,0,0
42,FIFOPolicy,S042_F019,222,251,227,5,2100
43,FIFOPolicy,S043_F000,190,200,178,0,0
43,FIFOPolicy,S043_F001,160,160,145,0,0
43,FIFOPolicy,S043_F002,263,274,241,0,0
43,FIFOPolicy,S043_F003,169,184,172,3,900
43,FIFOPolicy,S043_F004,195,217,202,7,1700
43,FIFOPolicy,S043_F005,266,282,258,0,0
43,FIFOPolicy,S043_F006,128,137,119,0,0
43,FIFOPolicy,S043_F007,124,128,118,0,0
43,FIFOPolicy,S043_F008,161,174,156,0,0
43,FIFOPolicy,S043_F009,210,215,195,0,0
43,FIFOPolicy,S043_F010,263,292,266,3,900
43,FIFOPolicy,S043_F011,156,164,151,0,0
43,FIFOPolicy,S043_F012,149,170,151,2,700
43,FIFOPolicy,S043_F013,289,321,281,0,0
43,FIFOPolicy,S043_F014,276,308,279,3,900
43,FIFOPolicy,S043_F015,184,194,176,0,0
43,FIFOPolicy,S043_F016,294,296,276,0,0
43,FIFOPolicy,S043_F017,193,194,175,0,0
43,FIFOPolicy,S043_F018,103,110,99,0,0
43,FIFOPolicy,S043_F019,283,294,258,0,0
44,FIFOPolicy,S044_F000,252,260,239,0,0
44,FIFOPolicy,S044_F001,296,309,282,0,0
44,FIFOPolicy,S044_F002,220,220,198,0,0
44,FIFOPolicy,S044_F003,263,286,259,0,0
44,FIFOPolicy,S044_F004,219,232,211,0,0
44,FIFOPolicy,S044_F005,189,206,186,0,0
44,FIFOPolicy,S044_F006,215,245,221,6,2300
44,FIFOPolicy,S044_F007,100,107,93,0,0
44,FIFOPolicy,S044_F008,115,117,104,0,0
44,FIFOPolicy,S044_F009,218,230,205,0,0
44,FIFOPolicy,S044_F010,294,314,285,0,0
44,FIFOPolicy,S044_F011,182,204,185,3,600
44,FIFOPolicy,S044_F012,102,109,93,0,0
44,FIFOPolicy,S044_F013,140,142,127,0,0
44,FIFOPolicy,S044_F014,278,307,266,0,0
44,FIFOPolicy,S044_F015,117,121,114,0,0
44,FIFOPolicy,S044_F016,172,179,164,0,0
44,FIFOPolicy,S044_F017,121,137,124,3,900
44,FIFOPolicy,S044_F018,287,288,262,0,0
44,FIFOPolicy,S044_F019,194,200,174,0,0
45,FIFOPolicy,S045_F000,251,257,233,0,0
45,FIFOPolicy,S045_F001,151,155,145,0,0
45,FIFOPolicy,S045_F002,220,232,200,0,0
45,FIFOPolicy,S045_F003,254,284,258,4,1700
45,FIFOPolicy,S045_F004,128,138,127,0,0
45,FIFOPolicy,S045_F005,103,116,109,6,1500
45,FIFOPolicy,S045_F006,268,279,252,0,0
45,FIFOPolicy,S045_F007,173,195,171,0,0
45,FIFOPolicy,S045_F008,256,285,262,6,1200
45,FIFOPolicy,S045_F009,168,186,174,6,2000
45,FIFOPolicy,S045_F010,101,104,93,0,0
45,FIFOPolicy,S045_F011,139,139,125,0,0
45,FIFOPolicy,S045_F012,182,196,167,0,0
45,FIFOPolicy,S045_F013,266,302,281,15,5500
45,FIFOPolicy,S045_F014,175,184,163,0,0
45,FIFOPolicy,S045_F015,233,266,237,4,1100
45,FIFOPolicy,S045_F016,163,170,153,0,0
45,FIFOPolicy,S045_F017,135,145,132,0,0
45,FIFOPolicy,S045_F018,300,311,282,0,0
45,FIFOPolicy,S045_F019,247,273,241,0,0
46,FIFOPolicy,S046_F000,230,246,218,0,0
46,FIFOPolicy,S046_F001,162,168,152,0,0
46,FIFOPolicy,S046_F002,166,176,161,0,0
46,FIFOPolicy,S046_F003,288,331,293,5,1800
46,FIFOPolicy,S046_F004,295,295,258,0,0
46,FIFOPolicy,S046_F005,216,221,209,0,0
46,FIFOPolicy,S046_F006,201,202,187,0,0
46,FIFOPolicy,S046_F007,172,193,173,1,200
46,FIFOPolicy,S046_F008,221,236,210,0,0
46,FIFOPolicy,S046_F009,224,241,217,0,0
46,FIFOPolicy,S046_F010,281,305,269,0,0
46,FIFOPolicy,S046_F011,182,182,161,0,0
46,FIFOPolicy,S046_F012,120,131,111,0,0
46,FIFOPolicy,S046_F013,193,206,185,0,0
46,FIFOPolicy,S046_F014,130,146,136,6,1200
46,FIFOPolicy,S046_F015,283,318,288,5,1600
46,FIFOPolicy,S046_F016,274,308,276,2,700
46,FIFOPolicy,S046_F017,113,120,108,0,0
46,FIFOPolicy,S046_F018,102,103,90,0,0
46,FIFOPolicy,S046_F019,129,144,132,3,600
47,FIFOPolicy,S047_F000,131,145,128,0,0
47,FIFOPolicy,S047_F001,278,280,248,0,0
47,FIFOPolicy,S047_F002,212,214,193,0,0
47,FIFOPolicy,S047_F003,249,281,252,3,600
47,FIFOPolicy,S047_F004,248,250,228,0,0
47,FIFOPolicy,S047_F005,142,145,126,0,0
47,FIFOPolicy,S047_F006,197,199,180,0,0
47,FIFOPolicy,S047_F007,217,239,219,2,400
47,FIFOPolicy,S047_F008,193,209,189,0,0
47,FIFOPolicy,S047_F009,187,195,176,0,0
47,FIFOPolicy,S047_F010,206,213,182,0,0
47,FIFOPolicy,S047_F011,270,291,265,0,0
47,FIFOPolicy,S047_F012,269,292,255,0,0
47,FIFOPolicy,S047_F013,131,135,121,0,0
47,FIFOPolicy,S047_F014,128,131,125,0,0
47,FIFOPolicy,S047_F015,198,203,186,0,0
47,FIFOPolicy,S047_F016,169,176,157,0,0
47,FIFOPolicy,S047_F017,269,269,246,0,0
47,FIFOPolicy,S047_F018,237,272,235,0,0
47,FIFOPolicy,S047_F019,289,323,289,0,0
48,FIFOPolicy,S048_F000,121,124,111,0,0
48,FIFOPolicy,S048_F001,127,128,117,0,0
48,FIFOPolicy,S048_F002,288,307,274,0,0
48,FIFOPolicy,S048_F003,289,322,286,0,0
48,FIFOPolicy,S048_F004,136,146,138,2,400
48,FIFOPolicy,S048_F005,118,132,121,3,1200
48,FIFOPolicy,S048_F006,300,337,303,3,1400
48,FIFOPolicy,S048_F007,159,182,161,2,1000
48,FIFOPolicy,S048_F008,213,228,197,0,0
48,FIFOPolicy,S048_F009,161,175,158,0,0
48,FIFOPolicy,S048_F010,239,270,237,0,0
48,FIFOPolicy,S048_F011,131,132,120,0,0
48,FIFOPolicy,S048_F012,170,183,168,0,0
48,FIFOPolicy,S048_F013,223,236,218,0,0
48,FIFOPolicy,S048_F014,106,112,100,0,0
48,FIFOPolicy,S048_F015,272,272,253,0,0
48,FIFOPolicy,S048_F016,283,315,291,8,3000
48,FIFOPolicy,S048_F017,265,269,240,0,0
48,FIFOPolicy,S048_F018,241,241,216,0,0
48,FIFOPolicy,S048_F019,155,156,141,0,0
49,FIFOPolicy,S049_F000,150,162,144,0,0
49,FIFOPolicy,S049_F001,113,114,101,0,0
49,FIFOPolicy,S049_F002,255,275,253,0,0
49,FIFOPolicy,S049_F003,281,317,293,12,4400
49,FIFOPolicy,S049_F004,288,303,276,0,0
49,FIFOPolicy,S049_F005,275,282,254,0,0
49,FIFOPolicy,S049_F006,216,245,222,6,2000
49,FIFOPolicy,S049_F007,238,255,226,0,0
49,FIFOPolicy,S049_F008,151,152,133,0,0
49,FIFOPolicy,S049_F009,250,277,250,0,0
49,FIFOPolicy,S049_F010,200,203,182,0,0
49,FIFOPolicy,S049_F011,211,221,196,0,0
49,FIFOPolicy,S049_F012,155,156,137,0,0
49,FIFOPolicy,S049_F013,121,132,118,0,0
49,FIFOPolicy,S049_F014,127,127,109,0,0
49,FIFOPolicy,S049_F015,283,296,263,0,0
49,FIFOPolicy,S049_F016,241,263,239,0,0
49,FIFOPolicy,S049_F017,245,253,231,0,0
49,FIFOPolicy,S049_F018,218,221,197,0,0
49,FIFOPolicy,S049_F019,118,125,120,2,700
